万科四季花城|(顺义顺义城)望泉家园|45795|2006年建成|板楼/塔板结合|1.2至1.8元/平米/月|北京万科物业管理有限公司|万科房地产开发有限公司|43栋
保利花园|(密云密云其它)阳光街390号院|26563|2011年建成|未知类型|暂无信息|暂无信息|暂无信息|7栋
金桥国际|(东城广渠门)广渠门北里55号院|81612|2004年建成|塔楼|4.8元/平米/月|北京嘉安物业管理有限公司|北京新润房地产开发有限公司|3栋
顶秀美泉小镇|(怀柔怀柔)雁栖湖范各庄村京加路与杨雁路交汇处西南角700米处|42100|2010年建成|塔楼/板楼|1.35元/平米/月|北京鸿路泽物业管理有限公司|北京顶秀置业有限公司|79栋
惠民家园|(门头沟大峪)黑山大街惠民家园|38786|2009年建成|板楼/塔板结合|0.68至1.79元/平米/月|北京京煤集团有限责任公司绿海物业管理中心|北京昊泰房地产开发有限公司|27栋
莱茵河畔|(亦庄开发区亦庄)贵园北里丁区|49214|2000年建成|板楼/塔板结合|1.8至2.6元/平米/月|北京中海外物业管理有限公司|北京亦庄新城房地产开发有限公司|23栋
西山枫林一二期|(石景山苹果园)香山南路168号|50261|2004年建成|板楼/塔板结合|1.34元/平米/月|北京和泓物业服务有限公司|北京东和伟业房地产开发有限公司|14栋
八角中里|(石景山八角)八角中里|54676|1985年建成|塔楼/板楼|0.55至1.95元/平米/月|北京芳星园物业管理中心|北京市石景山区城市建设开发公司|33栋
碣石坪|(石景山鲁谷)石景山路碣石坪|55300|1989年建成|塔楼/板楼/塔板结合|0.7至1.9元/平米/月|北京首欣物业管理有限责任公司|北京城市开发股份有限公司|10栋
苹果园小区一区|(石景山苹果园)苹果园南路苹果园一区|49978|1985年建成|塔楼/板楼/塔板结合|0.65至5.6元/平米/月|北京首欣物业管理有限责任公司|北京首钢房地产开发有限公司|28栋
诗景长安|(石景山鲁谷)鲁谷南路20号院, 鲁谷南路14号院|60483|2010年建成|板楼/塔板结合|2.5元/平米/月|北京市北宇物业管理公司|北京住总圣世源房地产开发有限公司|4栋
地铁古城家园|(石景山杨庄)杨庄南区|45066|1999年建成|塔楼|1.7元/平米/月|北京地铁物业管理有限责任公司|北京地铁房地产开发经营公司|8栋
金汉绿港二区|(顺义顺义城)东兴路绿港家园二区|38179|2007年建成|板楼|1.69至3.5元/平米/月|乐生活(北京)智慧社区投资发展有限责任公司|北京金汉房地产开发有限公司|10栋
裕龙六区|(顺义顺义城)裕龙花园六区|35468|2000年建成|板楼|0.5元/平米/月|北京市大龙物业管理中心|北京大龙伟业房地产开发股份有限公司|34栋
绿景苑|(东城广渠门)绿景苑小区|90011|1999年建成|塔楼/板楼/塔板结合|2.15至3元/平米/月|北京瑞来物业管理有限公司|北京市兴隆房地产开发公司|6栋
金顶街五区|(石景山苹果园)金顶路金顶街五区|43669|2003年建成|塔楼|1.75元/平米/月|北京首欣物业管理有限责任公司|北京首钢房地产开发有限公司|10栋
西山枫林四期|(石景山苹果园)八大处路甲26号院|42217|2006年建成|板楼|0.62至0.65元/平米/月|北京和泓物业服务有限公司|北京东和伟业房地产开发有限公司|15栋
林肯公园二期A区|(亦庄开发区亦庄)荣华北路3号院, 荣华北路2号院|37657|2014年建成|塔楼|3.6元/平米/月|北京晟邦物业服务公司|北京和裕房地产开发有限公司|5栋
通泰国际公馆|(亦庄开发区亦庄)地铁亦庄线经海路站西南角300米东侧, 科创十三街29号院（二区）|48916|2015年建成|板楼/塔板结合|3.28元/平米/月|北京包尔乐物业管理有限公司|天通泰文化数码科技园有限公司|21栋
古城南里|(石景山古城)古城南里|48837|1983年建成|塔楼/板楼|1.76元/平米/月|房管所代管物业|北京首钢房地产开发有限公司|7栋
茂华景公馆|(石景山杨庄)时代花园南路19号院|71217|2007年建成|板楼|2.86至2.96元/平米/月|北京茂华物业管理有限公司|茂华控股集团有限公司|29栋
鲁谷74号院|(石景山鲁谷)鲁谷路74号院, 鲁谷路74号北院|55828|1963年建成|塔楼/板楼|0.5至1.2元/平米/月|北京瑞达物业管理中心|北京瑞达世纪房地产开发有限公司|28栋
古城北路|(石景山古城)古城北路, 古城北路甲4号|44826|1976年建成|板楼|0.55至1.2元/平米/月|北京圣德物业管理有限责任公司|北京首钢房地产开发有限公司|27栋
黄南苑|(石景山杨庄)杨庄东街黄南苑小区|46729|2000年建成|塔楼/板楼|1.75元/平米/月|首钢物业|北京首钢房地产开发有限公司|6栋
金顶街四区|(石景山苹果园)金顶路金顶街四区|46793|1980年建成|塔楼/板楼|0.6至1.75元/平米/月|北京首欣物业管理有限责任公司|北京首钢房地产开发有限公司|16栋
鲁谷村|(石景山鲁谷)鲁谷东街鲁谷村|54807|1995年建成|板楼|0.9元/平米/月|北京芳星园物业管理中心|北京城建集团有限责任公司|11栋
荣华国际|(亦庄开发区亦庄)经济技术开发区43号街区|暂无参考均价|暂无信息|未知类型|暂无信息|暂无信息|暂无信息|2栋
爱民里小区|(西城西四)西什库大街爱民里小区|122104|1988年建成|板楼|0.6元/平米/月|无物业管理服务|无开发商|15栋
兴华嘉园|(亦庄开发区马驹桥)兴华嘉园B期高层|暂无参考均价|暂无信息|未知类型|暂无信息|暂无信息|暂无信息|5栋
首开住总国悦居|(亦庄开发区亦庄开发区其它)大兴亦庄，南海子公园北侧500米|暂无参考均价|暂无信息|塔楼|暂无信息|暂无信息|首开地产|1栋
北京上舍|(东城广渠门)安化北里18号院|88938|2008年建成|塔楼/板楼|2.6元/平米/月|北京金开泰物业管理有限公司|北京联立房地产开发有限责任公司|5栋
幸福家园一期|(东城广渠门)幸福家园|99223|2002年建成|塔楼/塔板结合|2.46至2.64元/平米/月|北京金宇宏物业管理有限责任公司|北京金第房地产开发有限责任公司|3栋
石景山路23号院|(石景山老山)石景山路23号|55091|1970年建成|板楼/塔板结合|0.64至1.7元/平米/月|北京电子城物业管理有限公司|中国电子信息产业集团公司|8栋
神龙潼关一区|(亦庄开发区马驹桥)潼关一区|暂无参考均价|2004年建成|塔板结合|暂无信息|北京马桥神龙物业管理有限公司|北京马桥神龙房地产开发有限公司|5栋
运通家园|(亦庄开发区马驹桥)马驹桥镇二街80号院|暂无参考均价|暂无信息|未知类型|暂无信息|暂无信息|暂无信息|10栋
中景濠庭|(东城安定门)安德路12号院|80411|2001年建成|塔楼/塔板结合|3.5元/平米/月|北京中景濠庭物业管理有限责任公司|北京千禧福临房地产开发有限公司|3栋
神龙坚桥小区|(亦庄开发区马驹桥)马驹桥商业街西行100米路北|暂无参考均价|暂无信息|未知类型|暂无信息|暂无信息|暂无信息|6栋
西山峻景|(石景山石景山其它)隆恩寺路19号|36845|2003年建成|板楼|暂无信息|北京晨旭物业管理有限公司|北京中宸房地产开发有限公司|8栋
博大公寓|(亦庄开发区亦庄)机械城家属楼|暂无参考均价|2003年建成|板楼|暂无信息|北京博大经开物业管理有限公司|北京博大兴房地产开发有限公司|2栋
广宁村|(石景山苹果园)新立楼|37536|1979年建成|塔楼/板楼|0.65至1.75元/平米/月|首钢物业|神华北京国华电力有限公司|20栋
富兴国际中心|(亦庄开发区亦庄)荣华中路与天华北街路口西北角|暂无参考均价|2015年建成|板楼|23元/平米/月|北京佳洁鸿运物业管理有限公司|北京富兴金地置业有限公司|5栋
八角路小区|(石景山八角)八角路|40015|1960年建成|板楼|0.5元/平米/月|北京首欣物业管理有限责任公司|北京首钢房地产开发有限公司|33栋
六铺炕三区|(西城六铺炕)六铺炕三区|122804|1952年建成|板楼/塔板结合/平房|0.5元/平米/月|单位自管物业|水利电力规划院|23栋
宏汇园小区|(西城金融街)宏汇园|158859|1999年建成|板楼|1元/平米/月|北京丰汇物业管理有限责任公司|北京兆泰置地（集团）股份有限公司|9栋
万博苑|(西城右安门内)右安门内大街72号|78895|1999年建成|塔楼/板楼|1.65至2.68元/平米/月|乐生活(北京)智慧社区投资发展有限责任公司|北京宏业房地产开发有限责任公司|5栋
复兴门外大街|(西城木樨地)复兴门外大街|106386|1979年建成|塔楼/板楼/塔板结合|1元/平米/月|亿方物业管理公司|无开发商|22栋
安贞苑50号院|(东城安贞)安贞苑50号院|90660|1996年建成|板楼|暂无信息|北京网信物业管理有限公司|无开发商|4栋
鼎盛园|(东城永定门)安乐林路16号院|73194|2005年建成|塔板结合|暂无信息|无物业管理服务|北京鼎维原房地产开发有限公司|3栋
民安小区东羊管胡同|(东城东直门)东羊管胡同|101222|2002年建成|板楼/塔板结合|0.5至3元/平米/月|北京市燕厦物业管理服务中心|北京东方置地房地产开发有限公司|4栋
花市枣苑二期|(东城东花市)花市枣苑|99054|2003年建成|塔楼|2.48元/平米/月|北京花市枣苑物业管理有限责任公司|北京城和房地产开发有限责任公司|2栋
南竹杆胡同|(东城朝阳门内)南竹杆胡同|110326|2003年建成|塔楼/板楼/塔板结合|0.5至8元/平米/月|北京天诺物业管理有限责任公司|北京住总房地产开发有限责任公司|6栋
大方家胡同|(东城朝阳门内)大方家胡同|102587|1990年建成|板楼/塔板结合/平房|0.5至1元/平米/月|北京亿方物业管理有限责任公司|北京住总房地产开发有限责任公司|15栋
华普花园|(东城东直门)东直门南大街9号|59126|2001年建成|塔楼|5.5元/平米/月|北京中地物业管理有限公司|中地房地产开发有限公司|4栋
青年湖南街|(东城安定门)青年湖南街|100558|1992年建成|板楼/塔板结合|1至2.17元/平米/月|单位自管物业|无开发商|3栋
东中街|(东城东直门)东中路东中街113号|98806|1982年建成|板楼/塔板结合|1.1至2.64元/平米/月|北京银达物业管理有限责任公司|无开发商|10栋
左安溪园|(东城左安门)左安门内大街左安溪园小区|90412|2004年建成|塔板结合|2.5元/平米/月|北京崇开嘉信物业管理有限公司|北京崇开嘉信房地产开发有限公司|1栋
当代商城鼎城|(石景山杨庄)阜石路与杨庄东路交汇处, 阜石路165号院|20116|2008年建成|塔楼/板楼|2.98至8元/平米/月|暂无信息|暂无信息|3栋
玉泉西路甲3号院|(石景山玉泉路)玉泉西路甲3号|58021|1983年建成|板楼/塔板结合|暂无信息|无物业管理服务|北京城建房地产开发有限公司|6栋
华信大厦宿舍|(石景山杨庄)杨庄中区110号院|44270|1993年建成|板楼|0.55元/平米/月|北京华方伟业科技发展有限公司|北京华电房地产开发有限责任公司|2栋
十万坪|(石景山古城)老古城大楼|53262|1979年建成|板楼|0.5元/平米/月|北京市首房物业管理有限公司|北京首钢房地产开发有限公司|18栋
京畿道|(西城金融街)太平桥大街|139138|1990年建成|板楼|0.5元/平米/月|北京银龙物业管理有限公司|万博伊家房地产开发有限公司|11栋
康乐里小区|(西城长椿街)康乐里小区|102760|1999年建成|塔楼|2.5元/平米/月|北京恒达物业管理有限责任公司|无开发商|8栋
陶然湖景|(西城陶然亭)龙爪槐胡同6号院|104543|2002年建成|板楼|2.36元/平米/月|北京永庆物业管理有限公司|北京海腾房地产开发经营有限公司|1栋
新文化街|(西城金融街)新文化街|132711|1979年建成|塔楼/板楼/塔板结合|1.68至2.2元/平米/月|北京天岳恒房屋经营管理有限公司|无开发商|15栋
化工大院|(东城和平里)兴化东里|95797|1988年建成|板楼/平房|1至1.5元/平米/月|北京中亚远恒物业管理有限公司|无开发商|19栋
西便门西里|(西城木樨地)西便门外大街西便门西里|95644|1979年建成|塔楼/板楼/塔板结合|0.8元/平米/月|北京蓟城物业管理有限公司|无开发商|14栋
茗筑|(西城马连道)北京西站南路80号院|71673|2005年建成|塔楼|2.18元/平米/月|北京佳顺物业管理有限公司|北京明天房地产开发有限公司|3栋
光明楼|(东城广渠门)光明路光明楼|80273|1950年建成|板楼|暂无信息|街道办事处（委员会）代管物业|北京市房屋管理局|37栋
忠实里|(东城广渠门)忠实里南街|82503|1970年建成|塔楼/板楼|暂无信息|无物业管理服务|无开发公司|4栋
安定路|(东城安贞)安定路|91921|1993年建成|塔楼|1.1至2.37元/平米/月|国交（北京）物业管理有限公司|无开发商|5栋
朝阳门北小街|(东城朝阳门内)朝阳门北小街|115015|1990年建成|板楼/平房|0.5元/平米/月|北京东方容和物业管理有限责任公司|北京住总房地产开发有限责任公司|25栋
前门东大街|(东城崇文门)台基厂大街前门东大街小区|87063|1979年建成|塔楼/板楼/塔板结合|暂无信息|街道办事处（委员会）代管物业|无开发商|9栋
京香福苑|(东城地安门)分司厅胡同17号|97708|2001年建成|板楼|2.5至2.7元/平米/月|北京佳美物业管理有限责任公司|北京京湘房地产开发有限责任公司|3栋
南门仓胡同|(东城朝阳门内)南门仓胡同|120048|1989年建成|板楼/平房|0.5元/平米/月|北京东方容和物业管理有限责任公司|北京城建集团|9栋
玉泉路西街2号院|(石景山玉泉路)玉泉路西街2号院|50192|1986年建成|板楼|暂无信息|无物业管理服务|北京城建房地产开发有限公司|1栋
远见国际公寓|(西城广安门)广安门外大街182号|83493|2008年建成|塔楼|2.85元/平米/月|北京明华嘉业物业管理有限责任公司|北京裕泰达房地产开发有限公司|1栋
右安门内西街甲2号院|(西城右安门内)右安门内西街甲2号院|93650|1980年建成|板楼|0.65元/平米/月|北京北电华明物业管理有限公司|北京市第一建筑工程公司|10栋
天宁寺前街南里|(西城天宁寺)天宁寺前街南里|88003|1990年建成|板楼|1.48元/平米/月|北京天鸿宝地物业管理经营公司|北京市宣武区城市建设综合开发总公司|13栋
富力信然庭|(西城陶然亭)南纬路38号院|123081|2006年建成|板楼|2.88至6元/平米/月|北京恒富物业管理有限公司|北京富力城房地产开发有限公司|3栋
手帕口北街|(西城广安门)手帕口北街|77516|1974年建成|板楼|暂无信息|无物业管理服务|无开发商|8栋
三里河二区B区|(西城月坛)三里河二区B区|128686|2000年建成|塔楼|2.28元/平米/月|北京汇灵物业管理有限责任公司|暂无信息|6栋
凯景铭座|(东城安定门)外馆东街51号院|75990|2001年建成|塔楼/塔板结合|2.3元/平米/月|北京均豪物业管理有限责任公司|北京强佑房地产开发有限公司|2栋
菊儿胡同|(东城地安门)菊儿胡同|118464|1985年建成|板楼|暂无信息|业主自筹物业|无开发商|28栋
仓南胡同14号院|(东城朝阳门内)朝阳门内大街75号院|126138|1993年建成|板楼|暂无信息|无物业管理服务|北京市新兴装备研究院管理公司|2栋
贡院六号|(东城建国门内)贡院西街6号|92876|2002年建成|塔楼/塔板结合|12.4元/平米/月|北京东方绿都物业管理有限公司|北京绿都源房地产开发有限公司|4栋
十字坡东里|(东城工体)十字坡东里|93766|1986年建成|板楼|暂无信息|街道办事处（委员会）代管物业|无开发商|10栋
永合馨苑|(东城西罗园)管村甲10号楼|55471|2001年建成|塔板结合|1.8元/平米/月|北京普泽物业管理有限责任公司|北京强佑房地产开发有限公司|1栋
NAGA上院|(东城东直门)东直门内大街9号|76222|2008年建成|塔楼|12元/平米/月|北京上院天恒物业管理有限公司|御嘉置地有限公司|3栋
清水苑|(东城东直门)东直门北大街甲6号院|93184|1980年建成|板楼/塔板结合|0.58元/平米/月|北京市清水物业管理服务中心|无开发商|7栋
田村山南路18号院|(石景山玉泉路)田村山南路18号院|暂无参考均价|1999年建成|板楼|暂无信息|暂无信息|暂无信息|1栋
射击家属院|(石景山苹果园)射击家属院|暂无参考均价|1980年建成|板楼|暂无信息|北京首钢物业管理有限公司|北京首钢房地产开发有限公司|13栋
第三区|(西城马连道)马连道路6号院, 马连道路8号院, 茶马街6号院, 茶马街8号院|53390|2009年建成|板楼/塔板结合|2.98至3.8元/平米/月|北京铭洋嘉宝物业管理有限公司|北京轻工房地产开发有限公司|9栋
百万庄大街21号院|(西城阜成门)百万庄大街21号院|117742|2012年建成|塔板结合|1.79元/平米/月|无物业管理服务|无开发商|2栋
东外公馆|(东城工体)新中街乙12号, 新中东街3号院|56897|2007年建成|塔板结合|3.8元/平米/月|北京市北宇物业管理公司|北京融金智强投资管理有限公司|2栋
温馨家园|(西城木樨地)西便门外大街4号院|135669|1999年建成|塔楼/板楼|1.2元/平米/月|北京市广播电影电视局|北京市广播电影电视局|6栋
太仆寺33号院|(西城西单)太仆寺33号院|132196|2000年建成|板楼/平房|1.5元/平米/月|暂无信息|无开发公司|5栋
安德路55号院|(东城安定门)安德路55号院|77427|1958年建成|塔楼/板楼|暂无信息|北京中水物业管理有限公司|暂无信息|43栋
三里河东路|(西城月坛)三里河东路三里河东路|102993|1987年建成|塔楼/板楼/塔板结合|1.2至2.3元/平米/月|北京安恒泰物业管理有限公司|无开发商|6栋
德胜世嘉|(西城六铺炕)西绦胡同8号|143330|2002年建成|板楼|1.5元/平米/月|单位自管物业|北京福源丽景地产开发有限公司|1栋
长安太和|(东城建国门内)建国门内大街甲11号|84685|2012年建成|板楼|9.68元/平米/月|合生华府酒店管理公司|北京利山房地产开发有限公司|1栋
北河沿大街|(东城灯市口)北河沿大街|103576|1985年建成|塔楼/板楼/平房|0.5至0.58元/平米/月|北京同心物业管理有限公司|北京住总房地产开发有限责任公司|18栋
外交部街33号院|(东城建国门内)外交部街33号院|136935|1988年建成|板楼|2.3元/平米/月|北京茂苑物业管理有限公司|暂无信息|12栋
永康胡同5号院|(东城安定门)永康胡同5号院|127463|1982年建成|板楼|暂无信息|北京首华物业管理有限公司|无开发商|3栋
朝阳门北大街|(东城朝阳门外)朝阳门北大街|77896|1987年建成|塔楼|0.8至1.2元/平米/月|单位自管物业|无开发商|2栋
八大处甲1号院|(石景山苹果园)石景山区八大处甲1号|暂无参考均价|暂无信息|未知类型|暂无信息|暂无信息|暂无信息|1栋
点石商务公园|(石景山苹果园)石景山八大处路45号, 八大处路49号院|暂无参考均价|暂无信息|未知类型|暂无信息|暂无信息|暂无信息|3栋
康鸿家园|(东城和平里)安定门外大街44号院|91466|2000年建成|板楼|2.3元/平米/月|鑫百盛物业|北京市东城区住宅建设开发公司|3栋
天宁寺西里|(西城天宁寺)天宁寺西里|84510|1979年建成|板楼|0.9至1.5元/平米/月|北京天华物业管理有限公司|北京华电房地产开发有限责任公司|10栋
广安苑二期|(西城天宁寺)车站东街13号院|97725|2002年建成|塔楼|暂无信息|单位自管物业|北京住总集团有限责任公司|2栋
塔院胡同12号院|(西城六铺炕)塔院胡同12号院|112884|1983年建成|板楼|暂无信息|房管所代管物业|水利电力规划院|8栋
灵境胡同|(西城西单)灵境胡同|141422|1959年建成|板楼/平房|1.1元/平米/月|暂无信息|无开发商|15栋
槐柏树街南里|(西城长椿街)槐柏树街南里|89981|1980年建成|板楼|暂无信息|街道办事处（委员会）代管物业|北京金隅大成开发有限公司|12栋
恒基中心|(东城建国门外)建国门内大街18号|65591|1993年建成|塔楼|暂无信息|北京中海物业管理有限公司|北京恒兆置业有限公司|1栋
六一小学教工楼|(石景山苹果园)八大处路6号|暂无参考均价|暂无信息|未知类型|暂无信息|暂无信息|暂无信息|1栋
中煤资源大厦|(石景山鲁谷)玉泉路59号院|暂无参考均价|暂无信息|未知类型|暂无信息|暂无信息|暂无信息|1栋
青年湖南里|(东城安定门)青年湖南里|85716|1990年建成|塔板结合|暂无信息|暂无信息|暂无信息|3栋
地兴居|(东城安定门)安外地兴居|83236|1970年建成|板楼|0.8元/平米/月|无物业管理服务|无开发商|4栋
电力培训中心宿舍楼|(石景山苹果园)模式口街道办事处华北电力培训中心家属楼|暂无参考均价|暂无信息|未知类型|暂无信息|暂无信息|暂无信息|1栋
灯市口大街|(东城灯市口)灯市口大街, 灯市口大街72-76号院|111519|1986年建成|板楼/塔板结合|0.5至0.8元/平米/月|街道办事处（委员会）代管物业|无开发商|7栋
幸福北里|(东城广渠门)幸福北里|83947|1960年建成|板楼|暂无信息|无物业管理服务|无开发商|31栋
八大处路22号院|(石景山苹果园)八大处路22号院|暂无参考均价|暂无信息|未知类型|暂无信息|暂无信息|暂无信息|1栋
胜古中路1号院|(东城安贞)胜古中路1号院|53428|1996年建成|板楼/塔板结合|2.06元/平米/月|无物业管理服务|北京全联房地产开发有限公司|2栋
黄寺大街2号院|(东城安定门)黄寺大街2号院|85921|1990年建成|板楼|0.5元/平米/月|单位自管物业|无开发公司|2栋
鼓楼外大街52号|(东城安定门)鼓楼外大街52号|107439|1992年建成|塔板结合|1.8元/平米/月|单位自管物业|水利电力规划院|1栋
白菜湾社区|(西城天宁寺)广外南街|94306|1991年建成|板楼|0.59元/平米/月|单位自管物业|无开发商|6栋
金宸国际公寓|(西城金融街)广成街4号院|121384|2000年建成|塔楼/板楼|4.26至5.86元/平米/月|北京宝宸物业管理有限公司|北京金宸房地产开发有限公司|3栋
小石桥胡同11号院|(西城六铺炕)小石桥胡同11号院|130388|1976年建成|板楼|暂无信息|单位自管物业|北京市西城区城市建设开发公司|3栋
怡龙别墅|(东城左安门)龙潭东路8号|80984|1994年建成|板楼|5元/平米/月|北京城建物业管理有限责任公司|北京帝苑房地产开发有限公司|30栋
华远北街|(西城金融街)华远北街1号|132284|2000年建成|塔板结合|1.2元/平米/月|北京联达物业管理有限责任公司|北京市华远地产股份有限公司|1栋
北新仓胡同|(东城东直门)北新仓胡同|106807|2002年建成|塔楼/板楼/塔板结合|0.5元/平米/月|北京市东旭佳业物业管理有限责任公司|北京市东城区住宅建设开发公司|4栋
牛街18|(西城牛街)春风胡同8号, 春风胡同10号|80142|2005年建成|塔楼|2.08至2.18元/平米/月|北京东网物业管理有限公司|北京斯博房地产开发有限公司|2栋
青龙胡同|(东城东直门)青龙胡同|104988|1975年建成|板楼|0.1元/平米/月|无物业管理服务|北京城建集团有限责任公司|3栋
桃杨路北里12号院|(东城永定门)桃杨路北里12号院|65474|1999年建成|板楼|暂无信息|单位自管物业|北京城乡房屋建设开发有限责任公司|1栋
北新桥三条1号院|(东城东直门)北新桥三条1号院|119346|1981年建成|板楼|2元/平米/月|单位自管物业|北京市东城区住宅建设开发公司|9栋
革新里小区|(东城西罗园)革新里24号院|67356|1987年建成|板楼|0.3元/平米/月|房管所代管物业|北京城市建设工程开发有限公司|4栋
东水井胡同|(东城朝阳门内)东水井胡同|88009|2003年建成|塔楼|1至8元/平米/月|北京鼎铭物业管理有限公司|北京北化房地产开发有限公司|2栋
东革新里40号院|(东城西罗园)东革新里40号院|60341|1979年建成|板楼|暂无信息|暂无信息|暂无信息|6栋
幸福南里|(东城广渠门)幸福南里|84848|1953年建成|板楼/塔板结合|暂无信息|无物业管理服务|无开发商|14栋
地坛北门|(东城和平里)地坛北门|95289|1975年建成|板楼|0.8元/平米/月|北京佳家物业管理有限公司|无开发公司|2栋
天利园|(东城广渠门)安化北里2号院|89781|2003年建成|板楼|1.17元/平米/月|北京联立房地产开发有限责任公司|北京联立房地产开发有限责任公司|1栋
南水关|(东城广渠门)广渠南水关胡同|86481|1975年建成|板楼|暂无信息|无物业管理服务|无开发商|3栋
李村|(东城永定门)景泰路李村|70815|1980年建成|板楼|暂无信息|街道办事处（委员会）代管物业|北京城市建设工程开发有限公司|5栋
花园胡同8号院|(东城安定门)花园胡同8号院|103403|1985年建成|板楼|暂无信息|单位自管物业|无开发商|3栋
北礼士路62号院|(西城阜成门)北礼士路62号院|91983|1995年建成|板楼/塔板结合|0.55元/平米/月|无物业管理服务|无开发商|2栋
湾子街社区|(西城太平桥)湾子街|81305|1980年建成|板楼|1.5元/平米/月|街道办事处（委员会）代管物业|无开发商|5栋
小羊宜宾胡同|(东城建国门内)小羊宜宾胡同|95125|1988年建成|塔楼/板楼/平房|1元/平米/月|北京首佳物业|北京城市建设开发集团有限责任公司|5栋
新外大街10号院|(西城马甸)新街口外大街10号院, 新街口外大街8号|115386|1963年建成|板楼|暂无信息|单位自管物业|无开发商|1栋
工体北里|(东城工体)工体北里|90582|1983年建成|板楼|暂无信息|街道办事处（委员会）代管物业|北京华居工体北房地产开发有限公司|8栋
灯市口西街|(东城灯市口)灯市口西街|104656|1950年建成|板楼/平房|暂无信息|街道办事处（委员会）代管物业|无开发商|8栋
南岗子|(东城崇文门)南岗子, 南岗子街58号|80619|1978年建成|板楼|暂无信息|无物业管理服务|无开发商|3栋
朝内大街201号院|(东城东四)朝内大街201号院, 朝阳门内大街201号|94812|1999年建成|塔板结合|0.5元/平米/月|中国社会科学院服务局物业管理处|北京城建集团|8栋
林调社区|(东城和平里)和平里东街12号院|113235|1970年建成|板楼/塔板结合|0.6至2.65元/平米/月|单位自管物业|无开发商|10栋
东厂胡同|(东城灯市口)东厂胡同|106577|1985年建成|板楼/平房|0.5元/平米/月|无物业管理服务|北京住总房地产开发有限责任公司|24栋
朗家胡同13号院|(东城安定门)朗家胡同13号院|101389|1990年建成|板楼|暂无信息|业主自筹物业|无开发商|3栋
沙子口路50号|(东城永定门)沙子口路50号|59585|1998年建成|塔楼|暂无信息|北京金泰物业管理有限公司|北京能源房地产开发有限责任公司|1栋
后永康胡同2号院4号院|(东城东直门)后永康胡同2号院4号院|114451|1990年建成|板楼|暂无信息|无物业管理服务|北京市东城区住宅建设开发公司|3栋
桃杨路北里|(东城永定门)桃杨路北里|70307|1980年建成|板楼|暂无信息|街道办事处（委员会）代管物业|北京城乡房屋建设开发有限责任公司|1栋
什锦花园胡同21号院|(东城东四)什锦花园胡同21号院|127546|1985年建成|板楼|暂无信息|无物业管理服务|无开发商|3栋
车站西街13号院|(西城广安门)广安门外车站西街13号院|88474|1989年建成|板楼|0.5元/平米/月|无物业管理服务|无开发公司|5栋
新安南里|(西城右安门内)新安南里|96432|1978年建成|板楼|暂无信息|北京邦克物业管理有限公司|北京宣兴房地产股份有限公司|7栋
三里河居民区|(西城月坛)三里河居民区|116627|1974年建成|板楼|1.2元/平米/月|首华物业管理公司三里河物业站|无开发商|6栋
西总布胡同55号院|(东城建国门内)西总布胡同55号院|99462|1990年建成|板楼|暂无信息|无物业管理服务|中国城市建设开发有限公司|2栋
汽北小区|(西城木樨地)白云路西里|106160|1950年建成|板楼|1.68至2.18元/平米/月|北京同心物业管理有限公司|国务院国有资产监督管理委员会|13栋
海格国际|(西城宣武门)宣武门外大街20号|79207|2005年建成|塔楼|7.6至7.98元/平米/月|北京燕侨物业管理有限责任公司|北京大华一品置业有限公司|2栋
民康胡同30号院|(西城金融街)民康胡同30号院|119552|1988年建成|塔楼|1.2元/平米/月|新中物业管理（中国）有限公司|无开发商|3栋
夕照寺西里|(东城广渠门)夕照寺西里|91300|1956年建成|板楼/平房|暂无信息|无物业管理服务|无开发商|17栋
文华园|(西城阜成门)车公庄大街2号院|108807|1995年建成|板楼|1.25元/平米/月|北京文华园物业管理有限公司|无开发商|2栋
白纸坊西街|(西城右安门内)白纸坊西街|85259|1977年建成|塔楼/板楼/塔板结合/平房|0.5至3元/平米/月|北京大厚房地产开发有限责任公司|北京宣兴房地产股份有限公司|8栋
国祥胡同4号院|(东城安定门)国祥胡同4号院|104345|1988年建成|板楼|暂无信息|业主自筹物业|无开发商|2栋
鸿运花园|(东城左安门)天坛东里48号院|89762|1996年建成|板楼|3.2元/平米/月|北京鸿运物业管理有限责任公司|北京鸿运置业股份有限公司|6栋
天坛公馆|(东城崇文门)幸福大街59号院|90665|2003年建成|板楼/平房|3.15元/平米/月|北京正泰恒安物业管理有限公司|北京金隅嘉业房地产开发有限公司|7栋
板厂新里|(东城广渠门)板厂新里1号楼|90487|1976年建成|塔楼/板楼|1.7元/平米/月|街道办事处（委员会）代管物业|暂无信息|2栋
东堂子胡同|(东城建国门内)东堂子胡同|93732|1955年建成|板楼/平房|暂无信息|无物业管理服务|无开发公司|18栋
六铺炕一区6号院|(西城六铺炕)六铺炕一区6号院|123525|1996年建成|板楼|1元/平米/月|单位自管物业|北京绿都源房地产开发有限公司|1栋
大六部口|(西城西单)大六部口街24号|114958|1982年建成|板楼/平房|暂无信息|无物业管理服务|无开发商|13栋
花梗胡同1号院|(东城交道口)花梗胡同1号院|127897|1985年建成|板楼|0.5元/平米/月|无物业管理服务|无开发商|2栋
百万庄1号院|(西城阜成门)百万庄大街1号院, 北礼士路64号|102526|1985年建成|板楼|1元/平米/月|北京房修一物业管理有限公司|无开发商|4栋
月坛南街19号院|(西城月坛)月坛南街月坛南街19号院|111776|1992年建成|塔板结合|1.3元/平米/月|单位自管物业|无开发商|3栋
中加大厦|(西城白纸坊)广安门南街80号楼|59380|1999年建成|塔楼|2元/平米/月|北京迪宇物业管理有限责任公司|北京百城置业集团有限公司|2栋
安德东里|(西城六铺炕)安德东里|116607|1964年建成|板楼|0.5元/平米/月|单位自管物业|北京市西城区城市建设开发公司|7栋
月坛南街北里|(西城月坛)月坛南街月坛南街北里|112969|1984年建成|塔楼/塔板结合|1.8元/平米/月|单位自管物业|无开发商|3栋
鲍家街|(西城金融街)鲍家街43号|151130|1985年建成|塔楼/板楼|5.8元/平米/月|北京中实杰肯道夫物业管理有限公司|无开发商|7栋
佳慧雅园|(西城西单)油坊胡同2号|119868|2008年建成|塔楼|1.35元/平米/月|北京高地物业管理有限公司|北京西单佳慧房地产开发有限公司|1栋
真武庙二里|(西城木樨地)真武庙二里|94322|1950年建成|塔楼/板楼|2元/平米/月|北京房修一物业管理有限公司|中国房地产开发北京有限公司|9栋
龙潭北里四条|(东城左安门)龙潭北里四条|82999|1960年建成|板楼|暂无信息|无物业管理服务|中国城市建设开发有限公司|7栋
安乐林中街|(东城永定门)安乐林中街|53412|1980年建成|板楼|暂无信息|无物业管理服务|无开发商|1栋
阜成门外北街|(西城阜成门)阜成门外北街|94302|1956年建成|板楼/塔板结合/平房|0.9元/平米/月|无物业管理服务|无开发商|9栋
铂晶豪庭|(东城工体)新中街1号, 十字坡街8号|58687|2011年建成|塔楼|4.8元/平米/月|上海安盛物业有限公司北京分公司|北京安盛华泰房地产开发有限公司|1栋
西香河园|(东城东直门)西香河园乙5号院|81683|1979年建成|板楼|暂无信息|无物业管理服务|无开发商|4栋
上国阙|(西城西单)大方胡同2号院|111738|2008年建成|塔板结合|5.8元/平米/月|北京上国物业管理有限公司|北京鹏睿房地产开发有限公司|2栋
同福夹道|(东城灯市口)同福夹道|99171|1990年建成|板楼/塔板结合|暂无信息|街道办事处（委员会）代管物业|无开发商|3栋
煤渣胡同|(东城东单)煤渣胡同, 煤渣胡同5号|97159|1981年建成|板楼/塔板结合|1元/平米/月|无物业管理服务|无开发公司|4栋
东中公寓|(东城东直门)东中街46|82918|1997年建成|塔板结合|2.86元/平米/月|北京鸿基恒业物业管理有限公司|北京银工房地产开发有限公司|1栋
虎坊路小区|(西城陶然亭)虎坊路|98577|1950年建成|板楼|暂无信息|无物业管理服务|无开发公司|30栋
阜成门外大街甲40号|(西城月坛)阜成门外大街甲40号院, 阜外大街甲40号院|118689|1978年建成|板楼|暂无信息|无物业管理服务|无开发商|5栋
新鲜胡同|(东城朝阳门内)新鲜胡同|109529|1990年建成|板楼|暂无信息|暂无信息|暂无信息|1栋
月坛南街小四道口|(西城月坛)月坛南街月坛南街小四道口|105727|1993年建成|板楼|1.2元/平米/月|单位自管物业|无开发公司|2栋
新融苑|(西城金融街)新融苑, 新文化街32号|109101|2000年建成|塔板结合|暂无信息|暂无信息|暂无信息|1栋
月坛南街37号院|(西城月坛)月坛南街37号院|104756|1976年建成|板楼|1.2元/平米/月|单位自管物业|北京华电房地产开发有限责任公司|3栋
都市晴园|(西城右安门内)白纸坊西街|57991|2000年建成|塔楼|2.8元/平米/月|北京万佳利物业管理有限责任公司|北京宣兴房地产股份有限公司|1栋
北礼士路60号院|(西城阜成门)北礼士路60号院|99939|1982年建成|塔板结合|1.25元/平米/月|北京新华物业有限公司|无开发商|1栋
天泽园|(西城长椿街)西便门内大街52号院|90223|2001年建成|板楼|0.9元/平米/月|北京市公共交通控股（集团）鸿运承物业管理中心|北京城建开发有限公司|1栋
龙潭北里六条|(东城左安门)光明路龙潭北里六条|90788|1960年建成|板楼|暂无信息|无物业管理服务|中国城市建设开发有限公司|8栋
罗贤胡同|(西城西单)罗贤胡同29号|121782|1965年建成|板楼/平房|1.1元/平米/月|暂无信息|无开发商|6栋
南礼士路三条南里|(西城月坛)南礼士路三条南里|103363|2008年建成|塔板结合|1.5元/平米/月|北京均豪物业管理有限责任公司|北京万馨房地产开发有限公司|2栋
五路通北街|(西城六铺炕)五路通北街|107546|1964年建成|板楼|暂无信息|北京北宇物业管理公司|无开发公司|3栋
官园胡同|(西城官园)官园胡同, 官园胡同2号, 官园胡同5号|117946|1984年建成|板楼/塔板结合|暂无信息|北京市西开华辰物业管理中心|暂无信息|3栋
西革新里104号|(东城西罗园)西革新里104号|58514|1996年建成|板楼|暂无信息|暂无信息|北京城市开发股份有限公司|1栋
普渡寺后巷|(东城东单)普渡寺后巷|109694|2003年建成|板楼/平房|暂无信息|暂无信息|暂无信息|7栋
广和里|(东城广渠门)广和里|60123|1976年建成|板楼|0.48至1.18元/平米/月|街道办事处（委员会）代管物业|北京城建集团有限责任公司|4栋
永定门东街中里|(东城天坛)永定门东街中里|76398|1970年建成|板楼|暂无信息|暂无信息|北京天鸿置业有限公司|8栋
朝内大街136号院|(东城朝阳门内)朝阳门内大街136号院|94988|1999年建成|塔楼|1元/平米/月|北京茂苑物业管理有限公司|北京城建集团|2栋
史家胡同20号院|(东城金宝街)史家胡同20号院|136407|1960年建成|板楼|0.5至0.8元/平米/月|单位自管物业|无开发商|5栋
新康街3号院|(西城马甸)新康街3号院|126132|1982年建成|板楼|暂无信息|单位自管物业|北京城建三建设集团有限公司|1栋
德胜门西大街74号|(西城西直门)德胜门西大街74号|102113|1986年建成|板楼|暂无信息|暂无信息|暂无信息|1栋
西草市东街甲34号院|(东城天坛)西草市东街甲34号院|79275|1970年建成|板楼/平房|暂无信息|无物业管理服务|北京华成通房地产有限公司|9栋
新安北里|(西城白纸坊)新安北里|88018|1980年建成|板楼|暂无信息|北京邦克物业管理有限公司|北京宣兴房地产开发股份有限公司|8栋
朝阳庵|(西城车公庄)朝阳庵社区|85434|1956年建成|板楼/平房|暂无信息|五矿物业管理有限公司|五矿房地产有限公司|20栋
外交学院|(西城阜成门)百万庄大街10号院|114253|1980年建成|板楼|暂无信息|暂无信息|暂无信息|6栋
百万庄南街|(西城阜成门)百万庄南街|101596|1969年建成|板楼|暂无信息|无物业管理服务|无开发商|7栋
宝产胡同15号院|(西城西四)赵登禹路宝产胡同15号院|105932|1999年建成|塔板结合|2.2元/平米/月|北京国信苑物业管理有限公司|无开发商|2栋
白纸坊东街|(西城牛街)白纸坊东街, 白纸坊东街1号, 白纸坊东街2号, 白纸坊东街3号, 白纸坊东街4号, 白纸坊东街18号, 白纸坊东街24号|93502|1980年建成|塔楼/板楼/塔板结合|0.5元/平米/月|单位自管物业|北京华能大厦建设管理有限责任公司|7栋
草园胡同|(东城东直门)草园胡同|90752|1980年建成|板楼/平房|暂无信息|单位自管物业|北京市东城区住宅建设开发公司|22栋
宝钞胡同|(东城安定门)宝钞胡同|91812|1981年建成|板楼/平房|暂无信息|业主自筹物业|北京奥德房地产开发有限公司|33栋
白桥大街|(东城东花市)白桥大街12号, 白桥大街24号|86211|1980年建成|板楼|21元/平米/月|无物业管理服务|北京天华津政房地产开发有限公司|6栋
甘雨胡同2号院|(东城灯市口)甘雨胡同2号院|105354|1999年建成|板楼|暂无信息|街道办事处（委员会）代管物业|无开发商|1栋
史家胡同|(东城金宝街)史家胡同|130875|1970年建成|板楼/平房|0.1至0.5元/平米/月|无物业管理服务|无开发商|30栋
和平里中街|(东城安定门)和平里中街14号|92743|1976年建成|板楼|2元/平米/月|单位自管物业|无开发公司|3栋
二龙路|(西城金融街)二龙路西街|145484|1980年建成|塔楼/平房|暂无信息|业主自筹物业|无开发公司|3栋
台基厂头条10号院|(东城前门)台基厂大街台基厂头条10号院|104217|1980年建成|板楼|暂无信息|街道办事处（委员会）代管物业|无开发商|4栋
进步巷|(西城车公庄)进步巷|96808|1979年建成|板楼|暂无信息|无物业管理服务|无开发商|2栋
右安门内大街|(西城右安门内)右安门内大街|87145|1950年建成|板楼/塔板结合/平房|暂无信息|街道办事处（委员会）代管物业|无开发商|22栋
月坛西街东里22号院|(西城月坛)月坛西街月坛西街东路22号院|102265|1983年建成|板楼|1.2元/平米/月|单位自管物业|无开发商|2栋
南礼士路46号院|(西城月坛)南礼士路46号院|120338|2014年建成|板楼|暂无信息|暂无信息|暂无信息|9栋
红居斜街4号院|(西城广安门)红居斜街4号院|79829|1979年建成|板楼|暂无信息|街道办事处（委员会）代管物业|北京市宣武区房地产经营开发公司|4栋
文兴街|(西城车公庄)文兴街|99903|1989年建成|板楼|暂无信息|暂无信息|暂无信息|1栋
广安门内大街|(西城牛街)广安门内大街478号, 广安门内大街223号|83470|1970年建成|板楼/平房|暂无信息|无物业管理服务|北京市宣武区房地产经营开发公司|6栋
东新开胡同|(西城新街口)东新开胡同甲31号院|106794|1989年建成|塔板结合|0.5元/平米/月|街道办事处（委员会）代管物业|北京市西城区城市建设开发公司|4栋
红居南街6号院|(西城广安门)红居南街6号院|85390|1986年建成|板楼|暂无信息|街道办事处（委员会）代管物业|北京市宣武区房地产经营开发公司|2栋
太平街甲乙18号院|(西城陶然亭)太平街甲乙18号院|102729|1980年建成|板楼|暂无信息|街道办事处（委员会）代管物业|无开发商|3栋
红土店南里|(西城陶然亭)红土店胡同红土店南里|98242|1960年建成|板楼|暂无信息|无物业管理服务|无开发商|10栋
石灯胡同6号院|(西城金融街)石灯胡同6号|125947|1980年建成|板楼|暂无信息|单位自管物业|无开发商|2栋
东四块玉南街甲9号楼|(东城左安门)东四块玉南街|78288|1980年建成|塔楼/板楼|0.9元/平米/月|无物业管理服务|北京城市建设开发集团有限责任公司|9栋
白纸坊西街6号院|(西城右安门内)白纸坊西街6号院|90614|1990年建成|板楼/塔板结合|暂无信息|北京邦克物业管理有限公司|北京宣兴房地产股份有限公司|5栋
净土胡同5号院|(东城安定门)净土胡同5号院|81602|1965年建成|板楼|暂无信息|单位自管物业|无开发商|6栋
车公庄大街6号院|(西城阜成门)车公庄大街6号院|123044|1990年建成|塔楼|暂无信息|暂无信息|暂无信息|2栋
桃杨路教师楼|(东城永定门)桃杨路甲9号, 永外桃杨路甲9号|73114|1999年建成|未知类型|暂无信息|单位自管物业|暂无信息|1栋
鼓楼西大街|(西城六铺炕)鼓楼西大街|114752|1960年建成|板楼/平房|0.5至10元/平米/月|街道办事处（委员会）代管物业|无开发公司|94栋
龙泉胡同|(西城陶然亭)龙泉胡同|94715|1978年建成|板楼|暂无信息|暂无信息|暂无信息|8栋
沙子口路61号|(东城永定门)沙子口路61号|63886|1987年建成|板楼|暂无信息|无物业管理服务|北京天鸿永业房地产开发有限责任公司|1栋
禄长街头条19号院|(西城陶然亭)禄长街头条19号院|90202|1976年建成|板楼|暂无信息|无物业管理服务|无开发公司|8栋
富宏馨居|(西城六铺炕)五路通北街19号院|85974|1990年建成|塔板结合|1.5元/平米/月|单位自管物业|中都长城（北京）房地产开发有限公司|1栋
新纪元公寓|(西城广安门)广安门外大街|74490|1998年建成|塔楼/板楼|2.8元/平米/月|北京银达物业管理有限责任公司|远洋地产有限公司|1栋
真武庙四里|(西城木樨地)真武庙四里小区|112397|1953年建成|板楼|1元/平米/月|无物业管理服务|北京城建集团|7栋
德胜里西街5号院|(西城德胜门)德胜里西街5号院|120192|1976年建成|板楼|暂无信息|无物业管理服务|无开发公司|1栋
广安门小区|(西城广安门)手帕口南街|79535|1990年建成|板楼|暂无信息|私人承办物业|北京市宣武区房地产经营开发公司|3栋
云梯胡同|(西城金融街)云梯胡同|136172|1981年建成|板楼|暂无信息|暂无信息|暂无信息|3栋
官园南里三区|(西城官园)官园南里三区|130695|1986年建成|板楼|1元/平米/月|单位自管物业|北京市西城区城市建设开发公司|1栋
南礼士路甲62号院|(西城月坛)南礼士路甲62号院, 南礼士路60号|103875|1978年建成|板楼|暂无信息|单位自管物业|无开发商|5栋
文兴东街3号院|(西城车公庄)文兴东街3号院|101755|1980年建成|板楼|1元/平米/月|单位自管物业|无开发商|7栋
新街口七条15号院|(西城新街口)新街口七条15号院|90819|1994年建成|板楼|1元/平米/月|北京广居安物业管理有限责任公司|无开发商|2栋
月坛西街24号院|(西城月坛)月坛西街24号院|105657|1980年建成|板楼|暂无信息|暂无信息|暂无信息|3栋
槐柏树街|(西城长椿街)槐柏树街|94138|1956年建成|板楼/塔板结合|1元/平米/月|北京宣房物业管理有限公司|北京市房屋管理局|8栋
南横西街|(西城牛街)南横西街|82636|1978年建成|板楼/平房|暂无信息|北京宣房物业管理有限公司|北京宣兴房地产开发股份有限公司|6栋
东四西大街|(东城灯市口)东四西大街|94630|1988年建成|板楼|暂无信息|单位自管物业|无开发商|1栋
世纪大厦|(东城灯市口)王府井大街99号|78741|1996年建成|塔楼|25.55元/平米/月|北京保立信物业管理有限公司|北京保利兴房地产置业有限公司|2栋
东交民巷13号院|(东城前门)台基厂大街东交民巷13号院|107764|1990年建成|塔板结合|暂无信息|街道办事处（委员会）代管物业|无开发商|2栋
南滨河路|(西城天宁寺)南滨河路|69192|1984年建成|塔楼/板楼|暂无信息|无物业管理服务|无开发商|4栋
育新街|(西城右安门内)育新街|87116|1977年建成|塔楼/板楼|暂无信息|暂无信息|暂无信息|9栋
百万庄未区|(西城阜成门)百万庄未区|97056|1950年建成|板楼|0.66元/平米/月|无物业管理服务|无开发商|7栋
手帕口西一巷|(西城广安门)手帕口西一巷|80220|1980年建成|板楼|暂无信息|街道办事处（委员会）代管物业|北京市宣武区房地产管理局|2栋
冰窖口胡同79号|(西城德胜门)冰窖口胡同79号|128505|1976年建成|板楼|暂无信息|无物业管理服务|北京中影房地产开发有限公司|1栋
南线阁37号院|(西城牛街)南线阁街南线阁37号院, 南线阁甲37号院|86863|1998年建成|塔楼/塔板结合|1.98元/平米/月|北京经中太联物业管理有限公司|国务院国有资产监督管理委员会|2栋
长椿里|(西城长椿街)长椿里|84152|1956年建成|板楼|0.55元/平米/月|房管所代管物业|北京市宣武区房地产管理局|10栋
三里河东路甲14号院|(西城月坛)三里河东路甲14号院|111987|1976年建成|板楼|0.8元/平米/月|单位自管物业|北京市房屋管理局|3栋
新外大街甲28号|(西城德胜门)新街口外大街甲28号|123729|1977年建成|板楼|暂无信息|无物业管理服务|北京腾信科技孵化器有限公司|1栋
永居胡同|(西城天宁寺)永居胡同|89974|1980年建成|板楼|暂无信息|街道办事处（委员会）代管物业|北京市宣武区城市建设综合开发总公司|1栋
西直门外南路|(西城车公庄)西直门外南路1号|100778|1984年建成|塔楼|1.5元/平米/月|单位自管物业|无开发商|1栋
柳巷15号院|(西城官园)柳巷15号院|112191|1985年建成|板楼|暂无信息|暂无信息|暂无信息|2栋
广安门南街|(西城白纸坊)广安门南街28号院|83552|1999年建成|塔楼|1.88元/平米/月|北京信捷苑物业管理有限公司|北京市宣武区房地产经营开发公司|1栋
新德街20号|(西城德胜门)新德街20号|117416|1985年建成|塔楼|暂无信息|街道办事处（委员会）代管物业|北京中影房地产开发有限公司|1栋
龙爪槐胡同9号院|(西城陶然亭)龙爪槐胡同9号院|90445|1998年建成|板楼|暂无信息|单位自管物业|无开发商|3栋
小马厂东里|(西城广安门)小马厂东里|78642|1986年建成|塔楼/板楼/塔板结合|2.8元/平米/月|北京天泰物业管理有限公司|北京华电房地产开发有限责任公司|7栋
西直门外大街102号|(西城车公庄)西直门外大街102号|96824|1989年建成|塔楼/板楼|暂无信息|暂无信息|暂无信息|1栋
东总布胡同45号院|(东城建国门内)东总布胡同45号院|97308|1990年建成|板楼|暂无信息|暂无信息|暂无信息|1栋
智德北巷|(东城灯市口)智德北巷1号|115180|1985年建成|板楼|0.5元/平米/月|北京同心物业管理有限公司|北京住总房地产开发有限责任公司|3栋
富成大厦|(西城阜成门)阜成门外大街甲41号|68823|1999年建成|塔楼|2元/平米/月|北京华特物业管理发展有限公司|北京市西城区城市建设开发公司|1栋
刘兰塑|(西城西四)刘兰塑|120104|1984年建成|板楼/平房|0.8元/平米/月|无物业管理服务|无开发商|3栋
白纸坊东街25号院|(西城牛街)白纸坊东街25号院|94637|1985年建成|板楼|2.01元/平米/月|中房集团北京物业公司|北京市宣武区房地产经营开发公司|5栋
大钱市胡同|(西城西直门)大钱市胡同5号院|96117|1980年建成|塔楼/塔板结合|0.6元/平米/月|单位自管物业|无开发商|3栋
东桃园|(西城西直门)东桃园胡同甲2号|95116|1992年建成|板楼|暂无信息|北京同心物业管理有限公司|暂无信息|2栋
恒华国际商务中心|(西城月坛)月坛北街26号|71686|2003年建成|塔楼|暂无信息|暂无信息|暂无信息|3栋
里仁东街|(西城陶然亭)里仁东街|102650|1983年建成|板楼|暂无信息|暂无信息|暂无信息|2栋
东斜街|(西城西单)东斜街16号|134312|1980年建成|板楼/平房|1.3元/平米/月|房管所代管物业|无开发商|39栋
小马厂西里|(西城广安门)手帕口北街小马厂西里|79266|1980年建成|板楼|暂无信息|无物业管理服务|无开发商|1栋
海润花园|(西城马连道)马连道北街10号院|81093|1998年建成|板楼|0.8元/平米/月|深圳市莲花物业管理有限公司北京分公司|北京天水置业有限公司|1栋
车站东街甲5号院|(西城天宁寺)车站东街甲5号院|92364|1987年建成|板楼|暂无信息|中铁六局集团北京铁路建设有限公司方大物业管理分公司|中铁六局集团北京置业有限公司|2栋
中京几道|(西城金融街)中京畿道17号|139521|1984年建成|塔板结合|暂无信息|暂无信息|北京中京艺苑房地产开发有限责任公司|1栋
南线阁35号院|(西城牛街)南线阁35号院, 南线阁街甲35号院|78110|1999年建成|塔楼|暂无信息|暂无信息|暂无信息|1栋
圣都大厦|(西城右安门内)白纸坊西街20号|50153|2001年建成|塔楼|2.8元/平米/月|北京都市阳光物业管理有限公司|北京宣兴房地产股份有限公司|1栋
德胜门外大街1号院|(西城马甸)德胜门外大街1号院|121505|1984年建成|板楼|0.6元/平米/月|单位自管物业|无开发商|2栋
广义街10号院|(西城长椿街)广义街10号院|89551|1992年建成|板楼|1.5至2元/平米/月|北京麦斯顿物业管理有限公司|无开发商|6栋
邱家胡同|(西城德胜门)邱家胡同|124161|1984年建成|板楼|暂无信息|无物业管理服务|暂无信息|2栋
后马厂胡同|(西城六铺炕)后马厂胡同29号院, 后马厂胡同39号院|123458|1979年建成|板楼/平房|0.5元/平米/月|业主自筹物业|北京市西城区城市建设开发公司|11栋
沙滩北街甲2号院|(东城东四)沙滩北街甲2号院|97851|暂无信息|未知类型|暂无信息|暂无信息|暂无信息|1栋
东交民巷30号院|(东城前门)正义路东交民巷30号院|103661|1990年建成|塔板结合|暂无信息|街道办事处（委员会）代管物业|无开发商|1栋
东冠英胡同|(西城官园)新街口街道东冠英胡同|100184|1959年建成|塔楼/板楼/平房|1.45元/平米/月|无物业管理服务|北京天恒房地产股份有限公司|16栋
礼士胡同|(东城金宝街)礼士胡同|146136|1970年建成|平房|暂无信息|无物业管理服务|无开发商|52栋
复康南里|(东城天坛)复康南里|90403|1979年建成|板楼|暂无信息|暂无信息|暂无信息|4栋
灵光胡同甲28号院|(东城安定门)灵光胡同甲28号院|84858|1981年建成|板楼|暂无信息|业主自筹物业|无开发商|1栋
多福巷|(东城灯市口)多福巷|213298|2007年建成|板楼/平房|暂无信息|暂无信息|暂无信息|8栋
忠实里四巷|(东城广渠门)忠实里四巷|82823|1983年建成|板楼|暂无信息|无物业管理服务|暂无信息|1栋
西打磨厂街|(东城崇文门)西打磨厂街3号|65233|1970年建成|板楼|2元/平米/月|街道办事处（委员会）代管物业|无开发商|5栋
前门东大街1号|(东城前门)前门东大街1号|98202|暂无信息|未知类型|暂无信息|暂无信息|暂无信息|1栋
桃园东里17号院|(东城永定门)桃园东里17号院|76384|1980年建成|板楼|暂无信息|暂无信息|暂无信息|4栋
雍和大厦|(东城东直门)安定门东大街28号|52946|2003年建成|塔板结合|6.78元/平米/月|北京雍和瑞景物业管理有限公司|北京永利多房地产有限公司|1栋
三元街11号|(东城陶然亭)永外街道, 三元街|63079|1979年建成|板楼|0.3元/平米/月|房管所代管物业|北京城市建设工程开发有限公司|1栋
南锣鼓巷|(东城地安门)南锣鼓巷|110938|1990年建成|板楼/平房|暂无信息|业主自筹物业|无开发商|38栋
广和里八巷|(东城广渠门)广和里八巷|56194|1988年建成|板楼|暂无信息|暂无信息|暂无信息|1栋
天坛东里|(东城天坛)天坛东里50号|95041|1980年建成|板楼|暂无信息|暂无信息|暂无信息|2栋
东交民巷11号院|(东城前门)东交民巷东交民巷11号院|110328|1975年建成|板楼|暂无信息|街道办事处（委员会）代管物业|无开发商|3栋
东四二条11号院|(东城东四)东四二条11号院|104884|1985年建成|板楼|暂无信息|暂无信息|暂无信息|2栋
东交民巷21号院|(东城前门)台基厂大街东交民巷21号院|103362|1980年建成|板楼|暂无信息|街道办事处（委员会）代管物业|无开发商|1栋
三元街甲19号院|(东城陶然亭)三元街甲19号院|72862|1970年建成|板楼|0.3元/平米/月|房管所代管物业|北京城市开发股份有限公司|3栋
豆角胡同|(东城地安门)豆角胡同|135673|1984年建成|板楼|暂无信息|业主自筹物业|无开发商|51栋
禄米仓东巷|(东城朝阳门内)禄米仓东巷|暂无参考均价|2016年建成|未知类型|暂无信息|暂无信息|北京住总房地产有限公司|16栋
东四十四条|(东城东四)东四十四条|暂无参考均价|1988年建成|平房|暂无信息|无物业管理服务|无开发商|64栋
三元街19号|(东城陶然亭)三元街19号|66780|1979年建成|板楼|0.3元/平米/月|房管所代管物业|北京城市开发股份有限公司|4栋
东直门内南小街|(东城东四)东直门内南小街, 东直门南小街|141436|2002年建成|板楼/平房|暂无信息|暂无信息|北京住总集团有限责任公司|38栋
柏林寺|(东城东直门)戏楼胡同1号(雍和宫东侧)|暂无参考均价|暂无信息|未知类型|暂无信息|暂无信息|暂无信息|1栋
东湖别墅|(东城东直门)东直门外大街35号|暂无参考均价|2010年建成|塔板结合|暂无信息|暂无信息|暂无信息|4栋
交道口南大街|(东城地安门)交道口南大街69号|暂无参考均价|1985年建成|板楼/平房|暂无信息|无物业管理服务|无开发商|41栋
东旺胡同|(东城交道口)东旺胡同|暂无参考均价|暂无信息|平房|暂无信息|无物业管理服务|暂无信息|15栋
交道口北头条|(东城交道口)交道口北头条|暂无参考均价|1960年建成|平房|暂无信息|无物业管理服务|暂无信息|39栋
方家胡同|(东城交道口)方家胡同|暂无参考均价|1960年建成|平房|暂无信息|无物业管理服务|暂无信息|40栋
使馆壹号院|(东城东直门)东直门香河园3号|暂无参考均价|2012年建成|板楼|8元/平米/月|北京高力国际物业服务有限公司|北京香园大道实业有限公司|3栋
霞公府|(东城东单)霞公府街3号|暂无参考均价|2010年建成|板楼|18元/平米/月|世邦魏理仕物业有限公司|北京紫金世纪置业有限责任公司|2栋
流水巷|(东城东四)流水巷|138129|1970年建成|平房|暂无信息|暂无信息|暂无信息|60栋
草厂九条|(东城崇文门)西兴隆街草厂九条|127225|1965年建成|平房|暂无信息|街道办事处（委员会）代管物业|无开发商|32栋
侯位胡同10号院|(东城建国门外)侯位胡同10号院|111049|1980年建成|板楼|暂无信息|暂无信息|暂无信息|1栋
鼓楼东大街191|(东城东四)鼓楼东大街191|141807|暂无信息|未知类型|暂无信息|暂无信息|暂无信息|1栋
天玉大厦|(东城广渠门)天玉大厦, 光明路11号|68980|1997年建成|塔楼|3元/平米/月|北京天玉达物业管理有限公司|北京中天亿房地产开发有限公司|1栋
阳春胡同|(东城东四)阳春胡同|165158|暂无信息|未知类型|暂无信息|暂无信息|暂无信息|2栋
奋章胡同|(东城崇文门)奋章胡同|93209|1999年建成|板楼|暂无信息|暂无信息|暂无信息|18栋
崇文门西小街|(东城崇文门)崇文门西小街1号院|56149|1979年建成|塔楼|暂无信息|街道办事处（委员会）代管物业|无开发商|1栋
酱房东夹道|(东城东直门)酱房东夹道|136036|暂无信息|未知类型|暂无信息|暂无信息|暂无信息|2栋
薛家湾胡同|(东城崇文门)薛家湾胡同|277449|暂无信息|平房|暂无信息|暂无信息|暂无信息|5栋
体育馆西路55号|(东城左安门)体育馆西路55号|80680|1980年建成|板楼|暂无信息|暂无信息|暂无信息|1栋
丹耀大厦|(东城东单)王府井大街176号|130699|2002年建成|塔楼|暂无信息|暂无信息|暂无信息|1栋
宝轩大厦|(东城东花市)东花市北里中区15号楼|99508|1998年建成|塔楼|4.16元/平米/月|北京天鸿宝地物业管理经营有限公司|北京首开天鸿集团有限公司|1栋
东罗圈胡同北|(东城金宝街)东罗圈胡同北|暂无参考均价|1958年建成|板楼|0.5元/平米/月|单位自管物业|无开发商|1栋
东四六条|(东城东四)东四六条|暂无参考均价|1982年建成|板楼|0.5元/平米/月|暂无信息|暂无信息|71栋
雍和宫大街|(东城东直门)雍和宫大街|暂无参考均价|1990年建成|未知类型|暂无信息|暂无信息|暂无信息|37栋
马园胡同|(东城交道口)马园胡同|暂无参考均价|1960年建成|平房|暂无信息|无物业管理服务|无开发商|9栋
国瑞紫金台|(东城崇文门)崇文门外大街与西花市大街交汇处新世界对面|暂无参考均价|2011年建成|板楼|3.1至5.5元/平米/月|北京国瑞物业管理有限公司|北京国瑞兴业地产有限公司|2栋
北岗子街|(东城崇文门)北岗子街|75286|2003年建成|板楼|暂无信息|暂无信息|暂无信息|40栋
南剪子巷|(东城东四)南剪子巷|暂无参考均价|1989年建成|平房|暂无信息|暂无信息|暂无信息|52栋
仓南胡同5号院|(东城朝阳门内)仓南胡同5号院|暂无参考均价|1985年建成|板楼|暂无信息|暂无信息|暂无信息|5栋
小厂胡同|(东城地安门)小厂胡同|暂无参考均价|暂无信息|板楼|暂无信息|暂无信息|暂无信息|7栋
北新桥二条|(东城东直门)北新桥二条|暂无参考均价|暂无信息|未知类型|暂无信息|暂无信息|暂无信息|41栋
大方家胡同61号院|(东城朝阳门内)大方家胡同61号院|暂无参考均价|1980年建成|板楼|暂无信息|暂无信息|暂无信息|4栋
新开路胡同|(东城建国门内)新开路胡同|暂无参考均价|1988年建成|板楼/平房|1元/平米/月|无物业管理服务|无开发商|31栋
新中街|(东城工体)新中街|暂无参考均价|1993年建成|板楼|暂无信息|暂无信息|暂无信息|21栋
干面胡同|(东城金宝街)干面胡同|暂无参考均价|1980年建成|板楼/平房|暂无信息|无物业管理服务|无开发商|29栋
大方家胡同36号院|(东城朝阳门内)大方家胡同36号院|暂无参考均价|1976年建成|板楼|暂无信息|暂无信息|暂无信息|2栋
内务部街|(东城金宝街)内务部街|暂无参考均价|1970年建成|板楼/平房|0.1至0.5元/平米/月|无物业管理服务|无开发商|39栋
普渡寺西巷|(东城东单)普渡寺西巷|暂无参考均价|2003年建成|板楼|暂无信息|暂无信息|暂无信息|27栋
大兴胡同|(东城交道口)大兴胡同|暂无参考均价|1960年建成|平房|暂无信息|暂无信息|暂无信息|21栋
东四八条|(东城东四)东四八条|暂无参考均价|1990年建成|平房|暂无信息|暂无信息|暂无信息|61栋
郎家胡同|(东城安定门)朗家胡同|暂无参考均价|1977年建成|平房|暂无信息|暂无信息|暂无信息|14栋
永康胡同|(东城安定门)永康胡同|暂无参考均价|暂无信息|平房|暂无信息|无物业管理服务|无开发商|5栋
东厂北巷2号院|(东城灯市口)东厂北巷2号院|暂无参考均价|1988年建成|塔板结合|暂无信息|无物业管理服务|北京建工地产|1栋
盛德大厦|(东城和平里)安定门外大街86号|暂无参考均价|2014年建成|板楼/塔板结合|9.5元/平米/月|北京盛德恒通物业服务有限公司|北京杰宝房地产开发有限责任公司|3栋
花梗胡同|(东城交道口)花梗胡同|暂无参考均价|1990年建成|平房|暂无信息|无物业管理服务|无开发商|16栋
炮局二条|(东城东直门)炮局二条|暂无参考均价|暂无信息|未知类型|暂无信息|暂无信息|暂无信息|7栋
朝阳门内小街|(东城朝阳门内)朝阳门内小街|暂无参考均价|1985年建成|板楼|暂无信息|暂无信息|暂无信息|1栋
碾子胡同|(东城东四)碾子胡同|暂无参考均价|暂无信息|未知类型|暂无信息|暂无信息|暂无信息|64栋
沙滩北街|(东城东四)沙滩北街|暂无参考均价|暂无信息|未知类型|暂无信息|暂无信息|暂无信息|5栋
银闸胡同20号院|(东城灯市口)银闸胡同20号院|暂无参考均价|1995年建成|板楼|暂无信息|单位自管物业|无开发商|3栋
北河沿甲柒拾柒号|(东城东四)北河沿大街甲77号，故宫东北方向800米|暂无参考均价|2014年建成|板楼|29.77元/平米/月|北京万科物业服务有限公司|北京新铭房地产开发有限公司|1栋
前永康胡同|(东城东直门)前永康胡同|暂无参考均价|1980年建成|平房|暂无信息|无物业管理服务|北京市东城区住宅建设开发公司|21栋
北京商界|(东城崇文门)东兴隆街56号|暂无参考均价|2005年建成|塔楼|暂无信息|暂无信息|北京市兴隆房地产开发公司|2栋
前厂胡同|(东城灯市口)前厂胡同|暂无参考均价|暂无信息|平房|暂无信息|暂无信息|无开发商|9栋
后拐棒胡同|(东城金宝街)后拐棒胡同|暂无参考均价|暂无信息|未知类型|暂无信息|暂无信息|暂无信息|3栋
大经厂胡同|(东城地安门)大经厂胡同|暂无参考均价|2003年建成|未知类型|暂无信息|暂无信息|暂无信息|55栋
锡拉胡同23号院|(东城灯市口)锡拉胡同23号院|暂无参考均价|1990年建成|板楼|暂无信息|暂无信息|暂无信息|1栋
北沟沿|(东城东四)北沟沿|暂无参考均价|1984年建成|平房|暂无信息|无物业管理服务|无开发公司|44栋
东四十二条|(东城东四)东四十二条|暂无参考均价|暂无信息|塔楼|暂无信息|北京市东旭佳业物业管理有限责任公司|暂无信息|56栋
东堂子胡同57号院|(东城建国门内)东堂子胡同57号院|暂无参考均价|1988年建成|板楼|暂无信息|暂无信息|暂无信息|1栋
韶九胡同15号院|(东城灯市口)韶九胡同15号院|暂无参考均价|2001年建成|板楼/平房|暂无信息|北京均豪物业管理有限责任公司|北京万馨房地产开发有限公司|5栋
净土胡同|(东城安定门)净土胡同|暂无参考均价|2016年建成|未知类型|暂无信息|无物业管理服务|无开发商|49栋
东堂子胡同49号院|(东城建国门内)东堂子胡同49号院|暂无参考均价|1988年建成|板楼|暂无信息|暂无信息|暂无信息|3栋
武学胡同|(东城朝阳门内)武学胡同|暂无参考均价|1989年建成|平房|暂无信息|无物业管理服务|暂无信息|14栋
朝阳门内南小街|(东城金宝街)朝阳门内南小街|暂无参考均价|暂无信息|板楼|暂无信息|暂无信息|暂无信息|2栋
贡院9号|(东城建国门内)贡院西街9号|暂无参考均价|2009年建成|塔楼/板楼/塔板结合|8元/平米/月|北京鼎铭物业服务公司|北京莎玛房地产开发有限公司|3栋
大经厂西巷|(东城地安门)大经厂西巷|暂无参考均价|1960年建成|平房|暂无信息|无物业管理服务|无开发商|25栋
箭厂南巷|(东城安定门)箭厂南巷|暂无参考均价|1985年建成|板楼/平房|暂无信息|暂无信息|暂无信息|8栋
北锣鼓巷|(东城安定门)北锣鼓巷|暂无参考均价|暂无信息|未知类型|暂无信息|暂无信息|暂无信息|55栋
民旺北胡同|(东城和平里)民旺北胡同|暂无参考均价|暂无信息|未知类型|暂无信息|暂无信息|暂无信息|1栋
东八宝胡同|(东城朝阳门内)东八宝胡同|暂无参考均价|暂无信息|未知类型|暂无信息|暂无信息|暂无信息|45栋
永恒胡同|(东城安定门)永恒胡同|暂无参考均价|暂无信息|未知类型|暂无信息|暂无信息|暂无信息|45栋
大羊宜宾胡同|(东城建国门内)大羊宜宾胡同|暂无参考均价|暂无信息|平房|暂无信息|暂无信息|暂无信息|3栋
五道营胡同|(东城安定门)五道营胡同|暂无参考均价|暂无信息|平房|暂无信息|暂无信息|暂无信息|40栋
红星胡同|(东城金宝街)红星胡同|暂无参考均价|1990年建成|板楼|暂无信息|暂无信息|暂无信息|2栋
骑河楼南巷|(东城灯市口)骑河楼南巷|暂无参考均价|1986年建成|板楼|暂无信息|暂无信息|暂无信息|9栋
东皇城根北街|(东城东四)东皇城根北街|暂无参考均价|1988年建成|板楼|暂无信息|暂无信息|暂无信息|8栋
育树胡同|(东城东直门)育树胡同|暂无参考均价|1988年建成|板楼/平房|暂无信息|暂无信息|暂无信息|11栋
史家胡同44号院|(东城金宝街)史家胡同44号院|暂无参考均价|1980年建成|板楼|0.5元/平米/月|单位自管物业|无开发商|1栋
炮局胡同|(东城东直门)炮局胡同|暂无参考均价|暂无信息|未知类型|暂无信息|暂无信息|北京城建集团有限责任公司|14栋
北剪子巷|(东城交道口)北剪子巷|暂无参考均价|2006年建成|平房|暂无信息|无物业管理服务|无开发商|40栋
小雅宝胡同|(东城朝阳门内)小雅宝胡同|暂无参考均价|1960年建成|平房|暂无信息|无物业管理服务|无开发公司|42栋
纳福胡同|(东城东四)纳福胡同|暂无参考均价|1980年建成|平房|暂无信息|无物业管理服务|无开发商|18栋
和平里东街11号|(东城和平里)和平里东街鸳鸯居|暂无参考均价|暂无信息|未知类型|暂无信息|暂无信息|暂无信息|1栋
柴棒胡同|(东城安定门)柴棒胡同|暂无参考均价|暂无信息|平房|暂无信息|暂无信息|暂无信息|9栋
东四五条|(东城东四)东四五条|暂无参考均价|1989年建成|板楼/平房|0.5元/平米/月|北京商建房地产开发公司物业管理中心|北京市城市改建综合开发总公司|81栋
东四南大街|(东城灯市口)东四南大街|暂无参考均价|暂无信息|未知类型|暂无信息|暂无信息|暂无信息|63栋
藏经馆胡同|(东城东直门)藏经馆胡同|暂无参考均价|1985年建成|板楼/平房|暂无信息|暂无信息|暂无信息|18栋
官书院胡同|(东城安定门)官书院胡同|暂无参考均价|暂无信息|未知类型|暂无信息|暂无信息|暂无信息|46栋
北下洼子胡同|(东城地安门)北下洼子胡同|暂无参考均价|1960年建成|板楼/平房|暂无信息|无物业管理服务|无开发商|27栋
后永康胡同|(东城东直门)后永康胡同|暂无参考均价|1980年建成|平房|暂无信息|单位自管物业|北京市东城区住宅建设开发公司|15栋
国子监街|(东城安定门)国子监街|暂无参考均价|暂无信息|未知类型|暂无信息|暂无信息|暂无信息|81栋
大格巷|(东城安定门)大格巷|暂无参考均价|暂无信息|平房|暂无信息|暂无信息|暂无信息|23栋
月光胡同|(东城东四)月光胡同|暂无参考均价|暂无信息|未知类型|暂无信息|暂无信息|暂无信息|3栋
桂花胡同|(东城灯市口)桂花胡同|暂无参考均价|1939年建成|平房|暂无信息|无物业管理服务|无开发商|60栋
花园胡同29号院|(东城安定门)花园胡同29号院|暂无参考均价|1982年建成|板楼|暂无信息|暂无信息|暂无信息|3栋
花梗胡同19号院|(东城交道口)花梗胡同19号院|暂无参考均价|暂无信息|未知类型|暂无信息|暂无信息|暂无信息|2栋
宝华里43号院|(东城永定门)宝华里43号院|暂无参考均价|1980年建成|板楼|暂无信息|暂无信息|暂无信息|4栋
南池子大街|(东城西单)南池子大街|暂无参考均价|暂无信息|平房|暂无信息|暂无信息|暂无信息|73栋
红霞公寓|(东城东单)晨光街10号|暂无参考均价|暂无信息|未知类型|暂无信息|暂无信息|暂无信息|1栋
黑芝麻胡同|(东城地安门)黑芝麻胡同|暂无参考均价|暂无信息|未知类型|暂无信息|暂无信息|暂无信息|12栋
外交部街30号院|(东城建国门内)外交部街30号院|暂无参考均价|1988年建成|板楼|暂无信息|暂无信息|暂无信息|2栋
西革新里120号院|(东城西罗园)西革新里120号院|暂无参考均价|1995年建成|板楼|暂无信息|暂无信息|暂无信息|4栋
西仓门胡同|(东城东四)西仓门胡同|暂无参考均价|暂无信息|未知类型|暂无信息|暂无信息|暂无信息|13栋
吉安所北巷|(东城东四)吉安所北巷|暂无参考均价|暂无信息|未知类型|暂无信息|暂无信息|暂无信息|45栋
大雅宝胡同|(东城建国门内)大雅宝胡同|暂无参考均价|暂无信息|未知类型|暂无信息|暂无信息|暂无信息|66栋
东高房胡同|(东城东四)东高房胡同|暂无参考均价|2001年建成|未知类型|暂无信息|暂无信息|暂无信息|51栋
北池子大街|(东城灯市口)北池子大街|暂无参考均价|暂无信息|未知类型|暂无信息|暂无信息|暂无信息|38栋
东公街|(东城地安门)东公街|暂无参考均价|暂无信息|未知类型|暂无信息|暂无信息|暂无信息|15栋
安德里北街23号院|(东城安定门)安德里北街23号院|暂无参考均价|1985年建成|板楼|暂无信息|暂无信息|暂无信息|8栋
北新仓胡同12号院|(东城东直门)北新仓胡同12号院|暂无参考均价|1989年建成|板楼/塔板结合|暂无信息|暂无信息|暂无信息|6栋
春松胡同|(东城朝阳门内)春松胡同|暂无参考均价|暂无信息|未知类型|暂无信息|暂无信息|暂无信息|3栋
北新胡同|(东城东直门)北新胡同|暂无参考均价|暂无信息|未知类型|暂无信息|暂无信息|暂无信息|49栋
文丞相胡同|(东城交道口)文丞相胡同|暂无参考均价|暂无信息|未知类型|暂无信息|暂无信息|暂无信息|16栋
外交部街32号院|(东城建国门内)外交部街32号院|暂无参考均价|1988年建成|板楼|暂无信息|暂无信息|暂无信息|1栋
前肖家胡同|(东城安定门)前肖家胡同|暂无参考均价|暂无信息|平房|暂无信息|暂无信息|暂无信息|5栋
砖儿胡同|(东城安定门)砖儿胡同|暂无参考均价|暂无信息|平房|暂无信息|暂无信息|暂无信息|5栋
中医研究院|(东城东直门)中医研究院|暂无参考均价|1990年建成|塔楼/板楼|暂无信息|暂无信息|暂无信息|5栋
银河SOHO|(东城朝阳门内)南竹杆胡同2号|暂无参考均价|2010年建成|塔楼|12元/平米/月|北京锦融物业管理有限公司|北京SOHO有限公司|4栋
辛寺胡同|(东城东四)辛寺胡同|暂无参考均价|1970年建成|板楼/平房|暂无信息|无物业管理服务|无开发商|26栋
西罗圈胡同|(东城金宝街)西罗圈胡同|暂无参考均价|暂无信息|板楼|暂无信息|暂无信息|暂无信息|3栋
小菊胡同|(东城东四)小菊胡同|暂无参考均价|1990年建成|未知类型|暂无信息|暂无信息|暂无信息|34栋
新太仓二巷|(东城东四)新太仓二巷|暂无参考均价|1988年建成|平房|暂无信息|无物业管理服务|无开发公司|32栋
西革新里|(东城西罗园)西革新里|暂无参考均价|1995年建成|板楼|暂无信息|暂无信息|暂无信息|2栋
遂安伯|(东城金宝街)遂安伯|暂无参考均价|暂无信息|未知类型|暂无信息|暂无信息|暂无信息|4栋
小鹁鸽胡同|(东城灯市口)小鹁鸽胡同|暂无参考均价|暂无信息|板楼/平房|暂无信息|单位自管物业|无开发商|6栋
青年湖别墅|(东城安定门)安定门外大街安德里北街|暂无参考均价|1997年建成|未知类型|暂无信息|暂无信息|暂无信息|4栋
秦老胡同|(东城地安门)秦老胡同|暂无参考均价|1999年建成|未知类型|暂无信息|暂无信息|暂无信息|41栋
灯市口北巷|(东城灯市口)灯市口北巷|暂无参考均价|暂无信息|平房|暂无信息|暂无信息|无开发商|1栋
银闸胡同|(东城灯市口)银闸胡同|暂无参考均价|1985年建成|板楼|暂无信息|单位自管物业|暂无信息|7栋
炮局胡同甲34号院|(东城东直门)炮局胡同甲34号院|暂无参考均价|暂无信息|板楼|暂无信息|暂无信息|暂无信息|1栋
东安门大街|(东城东单)东安门大街|暂无参考均价|1986年建成|板楼|暂无信息|暂无信息|暂无信息|2栋
王府井大街|(东城灯市口)王府井大街|暂无参考均价|暂无信息|板楼/塔板结合/平房|暂无信息|暂无信息|暂无信息|13栋
琉璃井|(东城永定门)琉璃井|暂无参考均价|1980年建成|板楼|暂无信息|暂无信息|暂无信息|1栋
缎库胡同|(东城东单)缎裤胡同, 缎库胡同15号院|暂无参考均价|暂无信息|板楼|暂无信息|暂无信息|暂无信息|13栋
灵光东巷|(东城安定门)灵光东巷|暂无参考均价|暂无信息|未知类型|暂无信息|暂无信息|暂无信息|45栋
箭厂胡同|(东城安定门)箭厂胡同|暂无参考均价|暂无信息|平房|暂无信息|暂无信息|暂无信息|11栋
中绦胡同|(东城安定门)中绦胡同|暂无参考均价|暂无信息|板楼/平房|暂无信息|暂无信息|暂无信息|4栋
南水关胡同|(东城朝阳门内)南水关胡同|暂无参考均价|1980年建成|平房|暂无信息|无物业管理服务|北京城市建设工程开发有限公司|44栋
新太仓一巷|(东城东四)新太仓一巷|暂无参考均价|1980年建成|板楼|暂无信息|暂无信息|暂无信息|54栋
永外桃杨路|(东城永定门)永外桃杨路|暂无参考均价|1999年建成|板楼|暂无信息|单位自管物业|暂无信息|3栋
天坛东里北区|(东城天坛)天坛东里北区|暂无参考均价|1997年建成|板楼|暂无信息|暂无信息|北京天鸿置业有限公司|11栋
车辇店胡同32号院|(东城安定门)车辇店胡同32号院|暂无参考均价|暂无信息|平房|暂无信息|暂无信息|暂无信息|1栋
西石槽胡同|(东城金宝街)西石槽胡同|暂无参考均价|暂无信息|未知类型|暂无信息|暂无信息|暂无信息|2栋
小草厂胡同|(东城灯市口)小草厂胡同|暂无参考均价|暂无信息|未知类型|暂无信息|暂无信息|暂无信息|1栋
青碳局胡同|(东城交道口)青碳局胡同|暂无参考均价|1960年建成|平房|暂无信息|无物业管理服务|暂无信息|8栋
前永康一巷|(东城东直门)前永康一巷|暂无参考均价|暂无信息|未知类型|暂无信息|暂无信息|暂无信息|4栋
前拐棒胡同|(东城金宝街)前拐棒胡同|暂无参考均价|暂无信息|未知类型|暂无信息|暂无信息|暂无信息|23栋
炮局四条|(东城东直门)炮局四条|暂无参考均价|暂无信息|未知类型|暂无信息|暂无信息|暂无信息|2栋
东门仓胡同|(东城朝阳门内)东门仓胡同|暂无参考均价|暂无信息|板楼|暂无信息|暂无信息|暂无信息|3栋
灯市东口|(东城灯市口)灯市东口|暂无参考均价|1990年建成|塔板结合|暂无信息|暂无信息|暂无信息|2栋
花园前巷|(东城安定门)花园前巷|暂无参考均价|暂无信息|平房|暂无信息|暂无信息|暂无信息|5栋
花园东巷|(东城安定门)花园东巷|暂无参考均价|暂无信息|平房|暂无信息|暂无信息|暂无信息|6栋
菜厂胡同|(东城东单)菜厂胡同|暂无参考均价|暂无信息|未知类型|暂无信息|暂无信息|暂无信息|4栋
柏林胡同|(东城东直门)柏林胡同|暂无参考均价|2012年建成|板楼|暂无信息|暂无信息|暂无信息|10栋
东交民巷10号院|(东城前门)崇文门西大街东交民巷10号院|暂无参考均价|1980年建成|板楼|暂无信息|街道办事处（委员会）代管物业|无开发商|3栋
箭厂北巷|(东城安定门)建厂北巷|暂无参考均价|暂无信息|平房|暂无信息|暂无信息|暂无信息|2栋
北湾子胡同|(东城东单)北湾子胡同|暂无参考均价|暂无信息|板楼|暂无信息|暂无信息|暂无信息|3栋
灯草胡同|(东城金宝街)灯草胡同|暂无参考均价|暂无信息|未知类型|暂无信息|暂无信息|暂无信息|42栋
景山东街|(东城东四)景山东街|暂无参考均价|暂无信息|未知类型|暂无信息|暂无信息|暂无信息|26栋
北口袋胡同|(东城灯市口)北口袋胡同|暂无参考均价|1980年建成|板楼|暂无信息|暂无信息|暂无信息|17栋
石雀胡同|(东城东四)石雀胡同|暂无参考均价|1988年建成|平房|暂无信息|无物业管理服务|无开发公司|28栋
后永康一巷|(东城东直门)后永康一巷|暂无参考均价|暂无信息|未知类型|暂无信息|暂无信息|暂无信息|5栋
东单三条|(东城东单)东单三条|暂无参考均价|1988年建成|板楼/塔板结合|暂无信息|暂无信息|暂无信息|2栋
九道湾东巷|(东城东四)九道湾东巷|暂无参考均价|2016年建成|未知类型|暂无信息|暂无信息|暂无信息|6栋
九道湾南巷|(东城东四)九道湾南巷|暂无参考均价|1988年建成|平房|暂无信息|无物业管理服务|无开发公司|31栋
东四九条|(东城东四)东四九条|暂无参考均价|1980年建成|板楼/平房|0.5元/平米/月|北京商建房地产开发公司物业管理中心|北京城建集团|47栋
智德前巷|(东城东单)智德前巷|暂无参考均价|暂无信息|板楼|暂无信息|暂无信息|暂无信息|3栋
南门仓胡同5号院|(东城朝阳门内)南门仓胡同5号院|暂无参考均价|暂无信息|板楼/塔板结合|暂无信息|暂无信息|暂无信息|3栋
宝鼎中心|(东城崇文门)东打磨厂街|暂无参考均价|2000年建成|塔楼|暂无信息|北京开兴远物业管理有限责任公司|暂无信息|1栋
南河沿大街|(东城东单)南河沿大街|暂无参考均价|1990年建成|板楼|暂无信息|暂无信息|暂无信息|23栋
北吉祥胡同|(东城交道口)北吉祥胡同|暂无参考均价|暂无信息|未知类型|暂无信息|暂无信息|暂无信息|20栋
贡院东街|(东城建国门内)贡院东街|暂无参考均价|暂无信息|未知类型|暂无信息|暂无信息|暂无信息|45栋
地安门西大街|(东城地安门)地安门西大街173号|暂无参考均价|2000年建成|板楼|暂无信息|暂无信息|暂无信息|22栋
分司厅胡同|(东城地安门)分司厅胡同|暂无参考均价|暂无信息|平房|暂无信息|暂无信息|暂无信息|16栋
轿子胡同|(东城东四)轿子胡同|暂无参考均价|暂无信息|未知类型|暂无信息|暂无信息|暂无信息|56栋
民旺五巷|(东城和平里)民旺五巷|暂无参考均价|暂无信息|未知类型|暂无信息|暂无信息|暂无信息|2栋
九道湾西巷|(东城东四)九道湾西巷|暂无参考均价|1988年建成|平房|暂无信息|无物业管理服务|无开发公司|20栋
张自忠路3号院|(东城交道口)张自忠路3号院|暂无参考均价|2003年建成|未知类型|暂无信息|暂无信息|暂无信息|5栋
八宝坑胡同|(东城东四)八宝坑胡同|暂无参考均价|1988年建成|板楼/平房|暂无信息|无物业管理服务|无开发公司|50栋
赵府街|(东城安定门)赵府街|暂无参考均价|暂无信息|未知类型|暂无信息|暂无信息|暂无信息|54栋
育树头条|(东城东直门)育树头条|暂无参考均价|暂无信息|未知类型|暂无信息|暂无信息|暂无信息|3栋
智德西巷|(东城灯市口)智德西巷|暂无参考均价|暂无信息|未知类型|暂无信息|暂无信息|暂无信息|1栋
吉安所左巷|(东城东四)吉安所左巷|暂无参考均价|暂无信息|未知类型|暂无信息|暂无信息|暂无信息|3栋
公益巷|(东城交道口)公益巷|暂无参考均价|1960年建成|平房|暂无信息|无物业管理服务|无开发商|2栋
总政大院|(东城安定门)安德里北街|暂无参考均价|1984年建成|板楼|暂无信息|暂无信息|暂无信息|23栋
文书巷|(东城交道口)东城区北池子文书巷|暂无参考均价|暂无信息|未知类型|暂无信息|暂无信息|暂无信息|1栋
育群胡同|(东城东四)育群胡同|暂无参考均价|暂无信息|未知类型|暂无信息|暂无信息|暂无信息|12栋
戏楼胡同|(东城东直门)戏楼胡同|暂无参考均价|暂无信息|未知类型|暂无信息|暂无信息|暂无信息|35栋
后永康胡同甲21号院|(东城东直门)后永康胡同甲21号院|暂无参考均价|1980年建成|板楼|暂无信息|单位自管物业|暂无信息|1栋
灵光西巷|(东城安定门)灵光西巷|暂无参考均价|暂无信息|未知类型|暂无信息|暂无信息|暂无信息|45栋
麒麟碑胡同|(东城交道口)麒麟碑胡同|暂无参考均价|暂无信息|未知类型|暂无信息|暂无信息|暂无信息|1栋
东石槽胡同|(东城金宝街)东石槽胡同|暂无参考均价|暂无信息|平房|暂无信息|暂无信息|暂无信息|24栋
东革新里|(东城西罗园)东革新里|暂无参考均价|暂无信息|板楼|暂无信息|暂无信息|暂无信息|1栋
西河沿|(东城安定门)宣武 西河沿|暂无参考均价|暂无信息|板楼|暂无信息|暂无信息|暂无信息|30栋
北池子二条|(东城西单)北池子二条|暂无参考均价|暂无信息|未知类型|暂无信息|暂无信息|暂无信息|2栋
安居里胡同|(东城灯市口)安居里胡同|暂无参考均价|暂无信息|未知类型|暂无信息|暂无信息|暂无信息|1栋
张自忠路|(东城交道口)张自忠路25号|暂无参考均价|1990年建成|板楼|暂无信息|暂无信息|暂无信息|10栋
宝盖胡同|(东城建国门内)宝盖胡同|暂无参考均价|暂无信息|未知类型|暂无信息|暂无信息|暂无信息|45栋
国兴胡同|(东城安定门)国兴胡同|暂无参考均价|暂无信息|平房|暂无信息|暂无信息|暂无信息|1栋
方砖厂胡同|(东城地安门)方砖厂胡同|暂无参考均价|暂无信息|未知类型|暂无信息|暂无信息|暂无信息|17栋
雨儿胡同|(东城地安门)雨儿胡同|暂无参考均价|暂无信息|未知类型|暂无信息|暂无信息|暂无信息|21栋
中剪子巷平房|(东城交道口)中剪子巷27号, 中剪子巷甲6号院|暂无参考均价|暂无信息|平房|暂无信息|无物业管理服务|无开发商|8栋
南下洼子胡同|(东城地安门)南下洼子胡同|暂无参考均价|暂无信息|平房|暂无信息|暂无信息|暂无信息|8栋
朝内大街|(东城东四)朝内大街|暂无参考均价|1985年建成|板楼|暂无信息|暂无信息|暂无信息|7栋
康健胡同|(东城灯市口)康健胡同|暂无参考均价|暂无信息|未知类型|暂无信息|暂无信息|暂无信息|5栋
东黄城根南街|(东城灯市口)东黄城根南街|暂无参考均价|暂无信息|未知类型|暂无信息|暂无信息|暂无信息|1栋
草厂胡同|(东城地安门)草厂胡同|暂无参考均价|暂无信息|未知类型|暂无信息|暂无信息|暂无信息|51栋
花园北巷|(东城安定门)花园北巷|暂无参考均价|暂无信息|平房|暂无信息|暂无信息|暂无信息|2栋
红杉公寓|(东城东直门)东中街14号楼|暂无参考均价|1999年建成|塔板结合|暂无信息|北京银达物业管理有限责任公司|暂无信息|1栋
飞龙桥胡同|(东城西单)飞龙桥胡同|暂无参考均价|暂无信息|板楼|暂无信息|暂无信息|暂无信息|10栋
小菊儿胡同|(东城地安门)小菊儿胡同|暂无参考均价|暂无信息|未知类型|暂无信息|暂无信息|暂无信息|7栋
青年湖北街18号院|(东城安定门)青年湖北街18号院|暂无参考均价|1990年建成|塔板结合|暂无信息|暂无信息|暂无信息|1栋
丰富胡同|(东城灯市口)丰富胡同|暂无参考均价|暂无信息|平房|暂无信息|暂无信息|暂无信息|3栋
富强胡同|(东城灯市口)富强胡同|暂无参考均价|暂无信息|平房|暂无信息|暂无信息|暂无信息|10栋
福祥胡同|(东城地安门)福祥胡同|暂无参考均价|暂无信息|平房|暂无信息|暂无信息|暂无信息|7栋
智德胡同|(东城灯市口)智德胡同|暂无参考均价|暂无信息|未知类型|暂无信息|暂无信息|暂无信息|20栋
钟鼓胡同|(东城东四)钟鼓胡同|暂无参考均价|1904年建成|平房|暂无信息|无物业管理服务|无开发公司|61栋
国旺胡同|(东城安定门)国旺胡同|暂无参考均价|暂无信息|平房|暂无信息|暂无信息|暂无信息|14栋
东单北大街|(东城建国门内)东单北大街|暂无参考均价|1988年建成|板楼|暂无信息|暂无信息|暂无信息|4栋
国旺胡同西巷|(东城安定门)国旺胡同西巷|暂无参考均价|暂无信息|平房|暂无信息|暂无信息|暂无信息|4栋
郭庄三条|(东城永定门)郭庄三条19号|暂无参考均价|1970年建成|平房|暂无信息|房管所代管物业|暂无信息|3栋
地安门东大街|(东城地安门)地安门东大街|暂无参考均价|1960年建成|塔板结合/平房|暂无信息|无物业管理服务|无开发商|9栋
草厂北巷|(东城地安门)草厂北巷|暂无参考均价|暂无信息|未知类型|暂无信息|暂无信息|暂无信息|15栋
北新一巷|(东城东直门)北新一巷|暂无参考均价|暂无信息|未知类型|暂无信息|暂无信息|暂无信息|3栋
板桥南巷|(东城东四)板桥南巷|暂无参考均价|1986年建成|板楼/平房|暂无信息|暂无信息|暂无信息|3栋
交道口南大街31号|(东城地安门)交道口南大街31号|暂无参考均价|暂无信息|平房|暂无信息|暂无信息|暂无信息|1栋
新中街一条|(东城工体)新中街一条|暂无参考均价|暂无信息|未知类型|暂无信息|暂无信息|暂无信息|1栋
钟库胡同|(东城地安门)钟库胡同|暂无参考均价|暂无信息|未知类型|暂无信息|暂无信息|暂无信息|1栋
北新五巷|(东城东直门)北新五巷|暂无参考均价|暂无信息|未知类型|暂无信息|暂无信息|暂无信息|7栋
安德里北街甲25号|(东城安定门)安德里北街甲25号院|暂无参考均价|暂无信息|未知类型|暂无信息|暂无信息|暂无信息|1栋
弓箭大院|(东城灯市口)东四西大街|暂无参考均价|1986年建成|板楼|暂无信息|暂无信息|暂无信息|3栋
育树二条|(东城东直门)育树二条|暂无参考均价|暂无信息|未知类型|暂无信息|暂无信息|暂无信息|3栋
东板桥西巷|(东城东四)东板桥西巷|暂无参考均价|暂无信息|未知类型|暂无信息|暂无信息|暂无信息|5栋
戏楼胡同二巷|(东城东直门)戏楼胡同二巷|暂无参考均价|暂无信息|未知类型|暂无信息|暂无信息|暂无信息|6栋
玉阁胡同|(东城安定门)玉阁胡同, 玉阁三巷|暂无参考均价|暂无信息|平房|暂无信息|暂无信息|暂无信息|2栋
谢家胡同|(东城地安门)谢家胡同|暂无参考均价|2016年建成|未知类型|暂无信息|暂无信息|暂无信息|28栋
魏家胡同|(东城东四)魏家胡同|暂无参考均价|暂无信息|平房|暂无信息|暂无信息|暂无信息|53栋
千福巷|(东城安定门)千福巷|暂无参考均价|暂无信息|平房|暂无信息|暂无信息|暂无信息|8栋
天坛西里10号院|(东城天坛)天坛西里10号院|暂无参考均价|1983年建成|板楼|暂无信息|暂无信息|暂无信息|4栋
前永康三巷|(东城东直门)前永康三巷|暂无参考均价|暂无信息|未知类型|暂无信息|暂无信息|暂无信息|2栋
吉祥胡同|(东城东四)吉祥胡同, 东吉祥胡同|暂无参考均价|1972年建成|未知类型|暂无信息|暂无信息|暂无信息|2栋
东四二条13号院|(东城东四)东四二条13号院|暂无参考均价|1989年建成|板楼|暂无信息|暂无信息|暂无信息|2栋
前永康五巷|(东城东直门)前永康五巷|暂无参考均价|暂无信息|未知类型|暂无信息|暂无信息|暂无信息|45栋
吉安所右巷|(东城东四)吉安所右巷|暂无参考均价|暂无信息|未知类型|暂无信息|暂无信息|暂无信息|60栋
横街|(东城东四)横街|暂无参考均价|暂无信息|平房|暂无信息|暂无信息|暂无信息|39栋
景山后街|(东城东四)景山后街|暂无参考均价|暂无信息|未知类型|暂无信息|暂无信息|暂无信息|4栋
后局大院胡同|(东城东四)后局大院胡同|暂无参考均价|2006年建成|未知类型|暂无信息|暂无信息|暂无信息|9栋
大佛寺东街|(东城东四)大佛寺东街|暂无参考均价|暂无信息|未知类型|暂无信息|暂无信息|暂无信息|47栋
豆腐池胡同|(东城地安门)豆腐池胡同|暂无参考均价|暂无信息|未知类型|暂无信息|暂无信息|暂无信息|9栋
北新四巷|(东城东直门)北新四巷|暂无参考均价|暂无信息|未知类型|暂无信息|暂无信息|暂无信息|11栋
北新三巷|(东城东直门)北新三巷|暂无参考均价|暂无信息|未知类型|暂无信息|暂无信息|暂无信息|7栋
地安门内大街|(东城东四)地安门内大街|暂无参考均价|暂无信息|未知类型|暂无信息|暂无信息|暂无信息|6栋
北极阁头条|(东城建国门内)北极阁头条|暂无参考均价|暂无信息|未知类型|暂无信息|暂无信息|北京城市建设开发集团有限责任公司|32栋
北极阁三条|(东城建国门内)北极阁三条|暂无参考均价|1988年建成|塔楼/板楼|暂无信息|暂无信息|暂无信息|40栋
宝华里|(东城永定门)宝华里|暂无参考均价|1960年建成|板楼|暂无信息|暂无信息|暂无信息|2栋
北新二巷|(东城东直门)北新二巷|暂无参考均价|暂无信息|未知类型|暂无信息|暂无信息|暂无信息|17栋
双玉中街37号院|(东城左安门)双玉中街37号院|暂无参考均价|1980年建成|板楼|暂无信息|无物业管理服务|暂无信息|5栋
玉阁一巷|(东城安定门)玉阁一巷|暂无参考均价|暂无信息|平房|暂无信息|暂无信息|暂无信息|3栋
小细管胡同|(东城东四)小细管胡同21号|暂无参考均价|暂无信息|未知类型|暂无信息|暂无信息|暂无信息|4栋
王佐胡同|(东城地安门)王佐胡同|暂无参考均价|暂无信息|未知类型|暂无信息|暂无信息|暂无信息|8栋
戏楼一巷|(东城东直门)戏楼一巷|暂无参考均价|暂无信息|平房|暂无信息|暂无信息|暂无信息|26栋
玉阁二巷|(东城安定门)玉阁二巷|暂无参考均价|暂无信息|平房|暂无信息|暂无信息|暂无信息|3栋
西革新里甲122号|(东城西罗园)西革新里甲122号|暂无参考均价|1995年建成|板楼|暂无信息|暂无信息|暂无信息|1栋
织染局胡同|(东城东四)织染局胡同|暂无参考均价|暂无信息|未知类型|暂无信息|暂无信息|暂无信息|46栋
王府井百货大楼宿舍|(东城东单)三元街甲11号楼|暂无参考均价|1978年建成|板楼|暂无信息|暂无信息|暂无信息|1栋
沙井胡同|(东城地安门)沙井胡同|暂无参考均价|暂无信息|未知类型|暂无信息|暂无信息|暂无信息|54栋
前永康四巷|(东城东直门)前永康四巷|暂无参考均价|暂无信息|未知类型|暂无信息|暂无信息|暂无信息|3栋
南板桥胡同|(东城东四)南板桥胡同|暂无参考均价|1985年建成|板楼|暂无信息|暂无信息|暂无信息|46栋
南吉祥胡同|(东城东四)南吉祥胡同|暂无参考均价|暂无信息|平房|暂无信息|暂无信息|暂无信息|8栋
钱粮北巷|(东城安定门)钱粮北巷|暂无参考均价|暂无信息|平房|暂无信息|暂无信息|暂无信息|20栋
黄图岗胡同|(东城灯市口)黄图岗胡同|暂无参考均价|暂无信息|未知类型|暂无信息|暂无信息|暂无信息|46栋
黄寺大街甲1号院|(东城安定门)黄寺大街甲1号院|暂无参考均价|暂无信息|未知类型|暂无信息|暂无信息|暂无信息|1栋
连丰胡同|(东城东四)连丰胡同|暂无参考均价|2012年建成|未知类型|暂无信息|暂无信息|暂无信息|45栋
国盛胡同|(东城安定门)国盛胡同|暂无参考均价|暂无信息|平房|暂无信息|暂无信息|暂无信息|5栋
北极阁二条|(东城建国门内)北极阁二条|暂无参考均价|暂无信息|未知类型|暂无信息|暂无信息|暂无信息|26栋
五四大街|(东城东四)五四大街|暂无参考均价|暂无信息|未知类型|暂无信息|暂无信息|暂无信息|50栋
北月牙胡同|(东城东四)北月牙胡同|暂无参考均价|暂无信息|未知类型|暂无信息|暂无信息|暂无信息|14栋
西罗圈胡同甲2号院|(东城金宝街)西罗圈胡同甲二号院|暂无参考均价|暂无信息|未知类型|暂无信息|暂无信息|暂无信息|1栋
大纱帽胡同|(东城东单)大纱帽胡同|暂无参考均价|暂无信息|未知类型|暂无信息|暂无信息|暂无信息|2栋
沙子口东里|(东城永定门)沙子口东里2号院|暂无参考均价|暂无信息|未知类型|暂无信息|暂无信息|暂无信息|2栋
弓弦胡同|(东城东四)弓弦胡同|暂无参考均价|暂无信息|未知类型|暂无信息|暂无信息|暂无信息|4栋
织女桥东河沿|(东城西单)织女桥东河沿|暂无参考均价|暂无信息|未知类型|暂无信息|暂无信息|暂无信息|1栋
北利民胡同|(东城东直门)北利民胡同|暂无参考均价|暂无信息|未知类型|暂无信息|暂无信息|暂无信息|2栋
培新街7号院|(东城广渠门)培新街7号院|暂无参考均价|1983年建成|板楼|暂无信息|暂无信息|暂无信息|1栋
红岩胡同|(东城朝阳门内)红岩胡同|暂无参考均价|暂无信息|未知类型|暂无信息|暂无信息|暂无信息|1栋
地坛西门|(东城安定门)地坛西门|暂无参考均价|暂无信息|未知类型|暂无信息|暂无信息|暂无信息|2栋
协作胡同|(东城东四)协作胡同|暂无参考均价|暂无信息|未知类型|暂无信息|暂无信息|暂无信息|4栋
向新西里甲一号院|(东城左安门)向新西里甲一号院|暂无参考均价|暂无信息|板楼|暂无信息|暂无信息|暂无信息|1栋
西老胡同|(东城东四)西老胡同|暂无参考均价|1989年建成|板楼|暂无信息|暂无信息|暂无信息|3栋
北京军区总院宿舍|(东城朝阳门内)北京军区总院宿舍|暂无参考均价|1985年建成|塔板结合|暂无信息|暂无信息|暂无信息|2栋
张旺胡同|(东城地安门)张旺胡同|暂无参考均价|2001年建成|平房|暂无信息|暂无信息|暂无信息|4栋
中老胡同|(东城东四)中老胡同|暂无参考均价|暂无信息|未知类型|暂无信息|暂无信息|暂无信息|1栋
蓑衣胡同|(东城地安门)蓑衣胡同|暂无参考均价|暂无信息|平房|暂无信息|暂无信息|暂无信息|25栋
北极阁四条|(东城建国门内)北极阁四条|暂无参考均价|暂无信息|未知类型|暂无信息|暂无信息|暂无信息|29栋
崔府夹道|(东城东四)崔府夹道|暂无参考均价|暂无信息|未知类型|暂无信息|暂无信息|暂无信息|7栋
草厂八条|(东城崇文门)草厂八条|暂无参考均价|暂无信息|未知类型|暂无信息|暂无信息|暂无信息|41栋
天坛南里东区|(东城天坛)天坛南里东区|暂无参考均价|1970年建成|板楼|暂无信息|暂无信息|暂无信息|9栋
草厂东巷|(东城地安门)草厂东巷|暂无参考均价|暂无信息|未知类型|暂无信息|暂无信息|暂无信息|32栋
北二里庄|(东城东直门)北二里庄|暂无参考均价|暂无信息|未知类型|暂无信息|暂无信息|暂无信息|1栋
黄寺大街乙1号院|(东城安定门)黄寺大街乙1号院|暂无参考均价|暂无信息|未知类型|暂无信息|暂无信息|暂无信息|1栋
南湖路49号院|(东城东单)南湖路49号院|暂无参考均价|暂无信息|未知类型|暂无信息|暂无信息|暂无信息|1栋
铜钟胡同|(东城东四)铜钟胡同|暂无参考均价|暂无信息|未知类型|暂无信息|暂无信息|暂无信息|1栋
汪芝麻胡同15号院|(东城东四)汪芝麻胡同15号院|暂无参考均价|暂无信息|未知类型|暂无信息|暂无信息|暂无信息|1栋
安德路甲61号院|(东城安定门)安德路甲61号院|暂无参考均价|暂无信息|未知类型|暂无信息|暂无信息|暂无信息|1栋
磁器口大街|(东城天坛)磁器口大街|暂无参考均价|暂无信息|未知类型|暂无信息|暂无信息|暂无信息|3栋
柴棒胡同19号院|(东城安定门)柴棒胡同19号院|暂无参考均价|暂无信息|平房|暂无信息|暂无信息|暂无信息|1栋
东不压桥胡同|(东城地安门)东不压桥胡同|暂无参考均价|暂无信息|未知类型|暂无信息|暂无信息|暂无信息|2栋
钟楼湾胡同|(东城地安门)钟楼湾胡同|暂无参考均价|暂无信息|未知类型|暂无信息|暂无信息|暂无信息|7栋
岔子胡同|(东城地安门)岔子胡同|暂无参考均价|暂无信息|未知类型|暂无信息|暂无信息|暂无信息|6栋
帘子库胡同|(东城东四)帘子库胡同|暂无参考均价|暂无信息|平房|暂无信息|暂无信息|暂无信息|3栋
桃杨路24号|(东城永定门)桃杨路24号|暂无参考均价|暂无信息|未知类型|暂无信息|暂无信息|暂无信息|1栋
天坛东路50号|(东城左安门)天坛东路50|暂无参考均价|暂无信息|未知类型|暂无信息|暂无信息|暂无信息|1栋
协和胡同|(东城建国门内)协和胡同|暂无参考均价|暂无信息|未知类型|暂无信息|暂无信息|暂无信息|6栋
西花厅胡同|(东城金宝街)西花厅胡同|暂无参考均价|暂无信息|未知类型|暂无信息|暂无信息|暂无信息|4栋
向春胡同|(东城建国门内)向春胡同|暂无参考均价|暂无信息|未知类型|暂无信息|暂无信息|暂无信息|18栋
南月牙胡同|(东城东四)南月牙胡同|暂无参考均价|暂无信息|未知类型|暂无信息|暂无信息|暂无信息|18栋
前圆恩寺胡同|(东城地安门)前圆恩寺胡同|暂无参考均价|1985年建成|板楼|暂无信息|暂无信息|暂无信息|25栋
铃铛胡同|(东城地安门)铃铛胡同|暂无参考均价|暂无信息|未知类型|暂无信息|暂无信息|暂无信息|3栋
顶银胡同|(东城建国门内)顶银胡同|暂无参考均价|暂无信息|未知类型|暂无信息|暂无信息|暂无信息|23栋
南新仓商务大厦|(东城朝阳门内)东四十条甲22号|暂无参考均价|2000年建成|塔楼|21元/平米/月|北京达文物业管理公司|北京中天世纪房地产开发有限公司|1栋
兴华路3号|(东城前门)兴华路3号|暂无参考均价|2003年建成|板楼|暂无信息|暂无信息|暂无信息|1栋
桃杨路13号|(东城永定门)桃杨路13号|暂无参考均价|暂无信息|未知类型|暂无信息|暂无信息|暂无信息|1栋
民主东街19号|(东城永定门)民主东街19号|暂无参考均价|暂无信息|未知类型|暂无信息|暂无信息|暂无信息|1栋
东单北极阁3条|(东城建国门内)东单北极阁胡同3条69号|暂无参考均价|暂无信息|未知类型|暂无信息|暂无信息|暂无信息|2栋
盛芳胡同2号|(东城建国门内)盛芳胡同2号|暂无参考均价|暂无信息|未知类型|暂无信息|暂无信息|暂无信息|2栋
红庙街|(东城天坛)红庙街25号|暂无参考均价|暂无信息|平房|暂无信息|暂无信息|暂无信息|5栋
东四北大街二条|(东城东四)东四北大街二条|暂无参考均价|1989年建成|平房|暂无信息|暂无信息|暂无信息|2栋
西杨威胡同|(东城东四)西杨威胡同|暂无参考均价|暂无信息|未知类型|暂无信息|暂无信息|暂无信息|2栋
总参大院|(东城安定门)黄寺大街乙1号|暂无参考均价|暂无信息|板楼/塔板结合|暂无信息|暂无信息|暂无信息|3栋
钟鼓湾胡同|(东城地安门)钟鼓湾胡同|暂无参考均价|暂无信息|未知类型|暂无信息|暂无信息|暂无信息|29栋
育芳胡同|(东城东四)育芳胡同|暂无参考均价|暂无信息|未知类型|暂无信息|暂无信息|暂无信息|45栋
天坛南里中区|(东城天坛)天坛南里中区|暂无参考均价|1995年建成|板楼|暂无信息|暂无信息|暂无信息|7栋
石桥东巷|(东城东四)石桥东巷|暂无参考均价|1979年建成|平房|暂无信息|暂无信息|暂无信息|45栋
钱粮南巷|(东城东四)钱粮南巷|暂无参考均价|1949年建成|未知类型|暂无信息|暂无信息|暂无信息|35栋
水道子胡同|(东城天坛)水道子胡同10号|暂无参考均价|1999年建成|板楼|暂无信息|暂无信息|暂无信息|2栋
隆福寺街东巷|(东城东四)隆福寺街东巷, 隆福寺街|暂无参考均价|暂无信息|未知类型|暂无信息|暂无信息|暂无信息|2栋
利薄营胡同|(东城东四)利薄营胡同|暂无参考均价|1989年建成|板楼|暂无信息|暂无信息|暂无信息|2栋
粉厂胡同|(东城天坛)粉厂胡同|暂无参考均价|1999年建成|板楼|暂无信息|暂无信息|暂无信息|5栋
玉树四条|(东城东直门)玉树四条|暂无参考均价|暂无信息|未知类型|暂无信息|暂无信息|暂无信息|26栋
西园子四巷|(东城天坛)西园子四巷|暂无参考均价|暂无信息|未知类型|暂无信息|暂无信息|暂无信息|2栋
大学夹道|(东城东四)大学夹道|暂无参考均价|暂无信息|未知类型|暂无信息|暂无信息|暂无信息|9栋
月牙胡同|(东城东四)月牙胡同|暂无参考均价|暂无信息|未知类型|暂无信息|暂无信息|暂无信息|6栋
铁营胡同|(东城东四)铁营胡同|暂无参考均价|暂无信息|未知类型|暂无信息|暂无信息|暂无信息|30栋
老钱局胡同|(东城建国门外)老钱局胡同|暂无参考均价|暂无信息|板楼|暂无信息|暂无信息|暂无信息|4栋
培新街|(东城广渠门)培新街|暂无参考均价|1998年建成|板楼|暂无信息|暂无信息|暂无信息|2栋
天坛西里北区|(东城天坛)天坛西里北区|暂无参考均价|暂无信息|板楼|暂无信息|暂无信息|暂无信息|2栋
天坛东路37号|(东城左安门)天坛东路37号|暂无参考均价|暂无信息|塔板结合|暂无信息|暂无信息|暂无信息|2栋
石桥胡同|(东城东四)石桥胡同|暂无参考均价|2015年建成|未知类型|暂无信息|暂无信息|暂无信息|28栋
泡子河东巷|(东城建国门外)泡子河东巷|暂无参考均价|暂无信息|未知类型|暂无信息|暂无信息|暂无信息|3栋
黄米胡同|(东城东四)黄米胡同|暂无参考均价|暂无信息|未知类型|暂无信息|暂无信息|暂无信息|5栋
亮果厂|(东城东四)亮果厂|暂无参考均价|暂无信息|未知类型|暂无信息|暂无信息|暂无信息|3栋
道湾胡同|(东城东四)道湾胡同|暂无参考均价|暂无信息|未知类型|暂无信息|暂无信息|暂无信息|45栋
清华街|(东城天坛)清华街|暂无参考均价|暂无信息|未知类型|暂无信息|暂无信息|暂无信息|7栋
蒋家口胡同|(东城东直门)蒋家口胡同|暂无参考均价|暂无信息|未知类型|暂无信息|暂无信息|暂无信息|1栋
酱坊西夹道|(东城东直门)酱坊西夹道|暂无参考均价|暂无信息|未知类型|暂无信息|暂无信息|暂无信息|63栋
大都市|(东城天坛)大都市街南1号, 珠市口东大街2号|暂无参考均价|2005年建成|塔楼|暂无信息|暂无信息|暂无信息|1栋
后椅子胡同|(东城建国门内)后椅子胡同|暂无参考均价|暂无信息|未知类型|暂无信息|暂无信息|暂无信息|1栋
后赵家楼胡同|(东城建国门内)后赵家楼胡同|暂无参考均价|暂无信息|板楼|暂无信息|暂无信息|暂无信息|3栋
德华里|(东城东四)德华里|暂无参考均价|1998年建成|未知类型|暂无信息|暂无信息|暂无信息|50栋
慈慧胡同|(东城东四)慈慧胡同|暂无参考均价|暂无信息|未知类型|暂无信息|暂无信息|暂无信息|45栋
搜宝崇文|(东城崇文门)广渠门内大街121号|暂无参考均价|2015年建成|未知类型|暂无信息|暂无信息|暂无信息|1栋
安德路45号|(东城安定门)安德路45号|暂无参考均价|暂无信息|未知类型|暂无信息|暂无信息|暂无信息|1栋
皇城77|(东城东四)嵩祝院北巷|暂无参考均价|暂无信息|未知类型|暂无信息|暂无信息|暂无信息|17栋
郭庄二条9号院|(东城永定门)郭庄二条9号院|暂无参考均价|1970年建成|未知类型|暂无信息|房管所代管物业|暂无信息|1栋
东唐街|(东城崇文门)东唐街|暂无参考均价|暂无信息|未知类型|暂无信息|暂无信息|暂无信息|23栋
敬业西里|(东城崇文门)敬业西里|暂无参考均价|暂无信息|未知类型|暂无信息|暂无信息|暂无信息|1栋
东厅胡同|(东城崇文门)东厅胡同|暂无参考均价|暂无信息|未知类型|暂无信息|暂无信息|暂无信息|26栋
草厂五条|(东城崇文门)草厂五条|暂无参考均价|暂无信息|未知类型|暂无信息|暂无信息|暂无信息|31栋
笔杆胡同|(东城崇文门)笔杆胡同|暂无参考均价|暂无信息|未知类型|暂无信息|暂无信息|暂无信息|26栋
长巷四条|(东城崇文门)长巷四条|暂无参考均价|暂无信息|未知类型|暂无信息|暂无信息|暂无信息|23栋
安德里北街19号院|(东城安定门)安德里北街19号院|暂无参考均价|暂无信息|未知类型|暂无信息|暂无信息|暂无信息|1栋
安定门西大街|(东城安定门)安定门西大街|暂无参考均价|暂无信息|未知类型|暂无信息|暂无信息|暂无信息|41栋
游泳场北路8号院|(东城工体)游泳场北路8号院|暂无参考均价|暂无信息|未知类型|暂无信息|暂无信息|暂无信息|1栋
崇文门西河沿|(东城崇文门)崇文门西河沿215号院|暂无参考均价|1990年建成|板楼|暂无信息|街道办事处（委员会）代管物业|无开发商|1栋
晓教胡同|(东城东四)晓教胡同|暂无参考均价|暂无信息|未知类型|暂无信息|暂无信息|暂无信息|3栋
达教胡同|(东城东四)达教胡同|暂无参考均价|暂无信息|未知类型|暂无信息|暂无信息|暂无信息|4栋
郭庄西里|(东城永定门)郭庄西里|暂无参考均价|暂无信息|未知类型|暂无信息|暂无信息|暂无信息|1栋
郭庄头条17号院|(东城永定门)郭庄头条17号院|暂无参考均价|暂无信息|未知类型|暂无信息|暂无信息|暂无信息|1栋
广和里六巷|(东城广渠门)广和里六巷|暂无参考均价|1983年建成|板楼|暂无信息|暂无信息|暂无信息|2栋
嵩祝院胡同|(东城东四)景山东街|暂无参考均价|暂无信息|未知类型|暂无信息|暂无信息|暂无信息|1栋
复康里|(东城天坛)复康里|暂无参考均价|1970年建成|板楼|暂无信息|暂无信息|暂无信息|1栋
寿比胡同甲6号院|(东城地安门)寿比胡同甲6号院|暂无参考均价|1983年建成|板楼|暂无信息|暂无信息|暂无信息|2栋
汪魏胡同|(东城东四)汪魏胡同|暂无参考均价|暂无信息|未知类型|暂无信息|暂无信息|暂无信息|1栋
水簸箕胡同|(东城东四)水簸箕胡同|暂无参考均价|暂无信息|未知类型|暂无信息|暂无信息|暂无信息|1栋
南阳胡同|(东城东四)南阳胡同|暂无参考均价|暂无信息|未知类型|暂无信息|暂无信息|暂无信息|1栋
大取灯胡同|(东城东四)大取灯胡同|暂无参考均价|暂无信息|未知类型|暂无信息|暂无信息|暂无信息|1栋
天坛东路|(东城左安门)天坛东路|暂无参考均价|暂无信息|未知类型|暂无信息|暂无信息|暂无信息|4栋
管村3号院|(东城西罗园)管村3号院|暂无参考均价|暂无信息|未知类型|暂无信息|暂无信息|暂无信息|1栋
观马胡同|(东城崇文门)观马胡同|暂无参考均价|暂无信息|未知类型|暂无信息|暂无信息|暂无信息|1栋
草厂六条|(东城崇文门)草厂六条|暂无参考均价|暂无信息|未知类型|暂无信息|暂无信息|暂无信息|38栋
船板胡同|(东城建国门外)船板胡同|暂无参考均价|暂无信息|未知类型|暂无信息|暂无信息|暂无信息|60栋
葱店西街|(东城崇文门)葱店西街|暂无参考均价|暂无信息|未知类型|暂无信息|暂无信息|暂无信息|28栋
永定门外大街38号院|(东城永定门)永定门外大街38号院|暂无参考均价|1984年建成|板楼|暂无信息|暂无信息|暂无信息|1栋
北芦草园胡同|(东城崇文门)北芦草园胡同|暂无参考均价|暂无信息|未知类型|暂无信息|暂无信息|暂无信息|48栋
板桥南巷7号院|(东城东四)板桥南巷7号院|暂无参考均价|1986年建成|板楼|暂无信息|暂无信息|暂无信息|3栋
218厂宿舍|(东城左安门)218厂宿舍|暂无参考均价|暂无信息|未知类型|暂无信息|暂无信息|暂无信息|2栋
桃园东里36号院|(东城永定门)桃园东里36号院|暂无参考均价|暂无信息|未知类型|暂无信息|暂无信息|暂无信息|1栋
红楼|(东城东四)红楼|暂无参考均价|暂无信息|未知类型|暂无信息|暂无信息|暂无信息|1栋
前门煤市街|(东城西单)前门煤市街|暂无参考均价|暂无信息|未知类型|暂无信息|暂无信息|暂无信息|2栋
民主东街28号|(东城永定门)民主东街28号|暂无参考均价|暂无信息|未知类型|暂无信息|暂无信息|暂无信息|1栋
北空宿舍|(东城左安门)五里屯|暂无参考均价|暂无信息|未知类型|暂无信息|暂无信息|暂无信息|3栋
西园子三巷|(东城天坛)西苑子三巷|暂无参考均价|暂无信息|未知类型|暂无信息|暂无信息|暂无信息|5栋
山涧口街|(东城天坛)山涧口街|暂无参考均价|暂无信息|未知类型|暂无信息|暂无信息|暂无信息|4栋
西园子一巷|(东城天坛)西园子一巷|暂无参考均价|暂无信息|未知类型|暂无信息|暂无信息|暂无信息|1栋
前赵家楼胡同|(东城建国门内)前赵家楼胡同|暂无参考均价|暂无信息|未知类型|暂无信息|暂无信息|暂无信息|1栋
照朝胡同|(东城建国门内)照朝胡同|暂无参考均价|暂无信息|未知类型|暂无信息|暂无信息|暂无信息|1栋
西扬威胡同|(东城东四)西扬威胡同|暂无参考均价|暂无信息|未知类型|暂无信息|暂无信息|暂无信息|3栋
新成文化大厦|(东城崇文门)崇文门外大街11号|暂无参考均价|2005年建成|塔楼|暂无信息|北京祥和物业管理有限公司|北京崇裕房产开发有限公司|1栋
西草市街|(东城天坛)西草市街|暂无参考均价|暂无信息|未知类型|暂无信息|暂无信息|暂无信息|1栋
铁营南巷|(东城东四)铁营南巷|暂无参考均价|暂无信息|未知类型|暂无信息|暂无信息|暂无信息|46栋
铁营北巷|(东城东四)铁营北巷|暂无参考均价|暂无信息|未知类型|暂无信息|暂无信息|暂无信息|59栋
嵩祝院西巷|(东城东四)嵩祝院西巷|暂无参考均价|暂无信息|未知类型|暂无信息|暂无信息|暂无信息|3栋
东四六条30号|(东城东四)东四六条30号|暂无参考均价|暂无信息|未知类型|暂无信息|暂无信息|暂无信息|1栋
北兵马司胡同13号院|(东城地安门)北兵马司胡同13号院|暂无参考均价|暂无信息|未知类型|暂无信息|暂无信息|暂无信息|1栋
夕照寺街22号院|(东城广渠门)夕照寺街22号院|暂无参考均价|1980年建成|板楼|暂无信息|暂无信息|暂无信息|2栋
西兴隆街|(东城崇文门)西兴隆街|暂无参考均价|暂无信息|未知类型|暂无信息|暂无信息|暂无信息|2栋
治国胡同|(东城建国门外)治国胡同|暂无参考均价|暂无信息|未知类型|暂无信息|暂无信息|暂无信息|10栋
天坛西里南区|(东城天坛)天坛西里南区|暂无参考均价|1985年建成|板楼|暂无信息|暂无信息|暂无信息|13栋
新生巷|(东城崇文门)天坛东路|暂无参考均价|暂无信息|板楼|暂无信息|暂无信息|暂无信息|1栋
文章胡同|(东城崇文门)文章胡同|暂无参考均价|暂无信息|未知类型|暂无信息|暂无信息|暂无信息|1栋
三转桥胡同|(东城崇文门)三转桥胡同|暂无参考均价|暂无信息|未知类型|暂无信息|暂无信息|暂无信息|24栋
人民市场东巷|(东城东四)人民市场东巷|暂无参考均价|暂无信息|未知类型|暂无信息|暂无信息|暂无信息|20栋
人民市场西巷|(东城东四)人民市场西巷|暂无参考均价|暂无信息|未知类型|暂无信息|暂无信息|暂无信息|2栋
瑞城一星|(东城东四)东四北大街|暂无参考均价|暂无信息|塔板结合|暂无信息|暂无信息|暂无信息|1栋
群智巷胡同|(东城崇文门)群智巷胡同|暂无参考均价|暂无信息|未知类型|暂无信息|暂无信息|暂无信息|1栋
三源胡同|(东城建国门外)三源胡同|暂无参考均价|暂无信息|平房|暂无信息|暂无信息|暂无信息|10栋
拉锁厂宿舍|(东城广渠门)拉锁厂宿舍|暂无参考均价|暂无信息|板楼|暂无信息|暂无信息|暂无信息|1栋
庆平胡同|(东城建国门外)庆平胡同|暂无参考均价|暂无信息|未知类型|暂无信息|暂无信息|暂无信息|18栋
銮庆胡同|(东城崇文门)銮庆胡同|暂无参考均价|暂无信息|未知类型|暂无信息|暂无信息|暂无信息|5栋
南八宝胡同|(东城建国门外)南八宝胡同|暂无参考均价|暂无信息|未知类型|暂无信息|暂无信息|暂无信息|24栋
大江胡同|(东城崇文门)大江胡同|暂无参考均价|暂无信息|未知类型|暂无信息|暂无信息|暂无信息|1栋
大席胡同|(东城崇文门)大席胡同|暂无参考均价|暂无信息|未知类型|暂无信息|暂无信息|暂无信息|2栋
戴家胡同|(东城崇文门)戴家胡同|暂无参考均价|暂无信息|未知类型|暂无信息|暂无信息|暂无信息|18栋
侯拉胡同|(东城建国门外)侯拉胡同|暂无参考均价|暂无信息|板楼|暂无信息|暂无信息|暂无信息|4栋
红桥市场东大地|(东城崇文门)崇文红桥市场东大地|暂无参考均价|暂无信息|未知类型|暂无信息|暂无信息|暂无信息|1栋
长巷五条|(东城崇文门)长巷五条|暂无参考均价|暂无信息|未知类型|暂无信息|暂无信息|暂无信息|11栋
工人日报社宿舍|(东城安定门)鼓楼外大街6号|暂无参考均价|1999年建成|塔板结合|暂无信息|暂无信息|暂无信息|1栋
郭庄头条18号院|(东城永定门)郭庄头条18号院|暂无参考均价|1970年建成|平房|暂无信息|房管所代管物业|暂无信息|1栋
草厂头条|(东城崇文门)草厂头条|暂无参考均价|暂无信息|未知类型|暂无信息|暂无信息|暂无信息|28栋
长巷头条|(东城崇文门)长巷头条|暂无参考均价|暂无信息|未知类型|暂无信息|暂无信息|暂无信息|16栋
草厂三条|(东城崇文门)草厂三条|暂无参考均价|暂无信息|未知类型|暂无信息|暂无信息|北京城市建设工程开发有限公司|52栋
草厂四条|(东城崇文门)草厂四条|暂无参考均价|暂无信息|未知类型|暂无信息|暂无信息|暂无信息|45栋
长巷二条|(东城崇文门)长巷二条|暂无参考均价|暂无信息|未知类型|暂无信息|暂无信息|暂无信息|21栋
草厂七条|(东城崇文门)草厂七条|暂无参考均价|暂无信息|未知类型|暂无信息|暂无信息|暂无信息|41栋
草厂二条|(东城崇文门)草厂二条|暂无参考均价|暂无信息|未知类型|暂无信息|暂无信息|暂无信息|25栋
北翔凤胡同|(东城崇文门)北翔凤胡同|暂无参考均价|暂无信息|未知类型|暂无信息|暂无信息|暂无信息|1栋
草厂十条|(东城崇文门)草厂十条|暂无参考均价|暂无信息|未知类型|暂无信息|暂无信息|暂无信息|17栋
双玉中街19号院|(东城左安门)双玉中街19号院|暂无参考均价|暂无信息|未知类型|暂无信息|暂无信息|暂无信息|2栋
北官园胡同|(东城崇文门)北官园胡同|暂无参考均价|暂无信息|未知类型|暂无信息|暂无信息|暂无信息|5栋
新太仓1巷48号|(东城东四)新太仓1巷|暂无参考均价|暂无信息|未知类型|暂无信息|暂无信息|暂无信息|1栋
冰窖斜街|(东城崇文门)冰窖斜街|暂无参考均价|暂无信息|未知类型|暂无信息|暂无信息|暂无信息|1栋
刷子市胡同|(东城天坛)刷子市胡同|暂无参考均价|暂无信息|未知类型|暂无信息|暂无信息|暂无信息|1栋
东利市营胡同|(东城崇文门)东利市营胡同|暂无参考均价|暂无信息|板楼|暂无信息|暂无信息|暂无信息|3栋
长巷三条|(东城崇文门)长巷三条|暂无参考均价|暂无信息|未知类型|暂无信息|暂无信息|暂无信息|15栋
葱店东街|(东城崇文门)葱店东街|暂无参考均价|暂无信息|未知类型|暂无信息|暂无信息|暂无信息|1栋
东马尾帽胡同|(东城崇文门)东马尾帽胡同|暂无参考均价|暂无信息|未知类型|暂无信息|暂无信息|暂无信息|1栋
瓷器口大街|(东城天坛)瓷器口大街|暂无参考均价|暂无信息|未知类型|暂无信息|暂无信息|暂无信息|4栋
安德里北街丁6号院|(东城安定门)安德里北街丁6号院|暂无参考均价|暂无信息|板楼|暂无信息|暂无信息|暂无信息|1栋
广渠门内大街乙7号院|(东城广渠门)广渠门内大街乙7号院|暂无参考均价|暂无信息|未知类型|暂无信息|暂无信息|暂无信息|1栋
山涧口二巷|(东城天坛)山涧口二巷|暂无参考均价|暂无信息|未知类型|暂无信息|暂无信息|暂无信息|4栋
同乐胡同|(东城崇文门)同乐胡同|暂无参考均价|暂无信息|未知类型|暂无信息|暂无信息|暂无信息|1栋
草厂横胡同|(东城崇文门)草厂横胡同|暂无参考均价|暂无信息|未知类型|暂无信息|暂无信息|暂无信息|3栋
山涧口一巷|(东城天坛)山涧口一巷|暂无参考均价|暂无信息|未知类型|暂无信息|暂无信息|暂无信息|3栋
候位胡同|(东城建国门外)候位胡同|暂无参考均价|暂无信息|未知类型|暂无信息|暂无信息|暂无信息|2栋
东大地一巷|(东城崇文门)东大地一巷|暂无参考均价|暂无信息|未知类型|暂无信息|暂无信息|暂无信息|2栋
东大地三巷|(东城崇文门)东大地三巷|暂无参考均价|暂无信息|未知类型|暂无信息|暂无信息|暂无信息|1栋
珠市口东半璧街30号|(东城天坛)珠市口东半璧街30号|暂无参考均价|1995年建成|板楼|暂无信息|暂无信息|暂无信息|1栋
中芦草园胡同|(东城崇文门)中芦草园胡同|暂无参考均价|暂无信息|未知类型|暂无信息|暂无信息|暂无信息|1栋
永生巷|(东城崇文门)永生巷|暂无参考均价|暂无信息|未知类型|暂无信息|暂无信息|暂无信息|1栋
西园子街|(东城天坛)西园子街|暂无参考均价|1970年建成|未知类型|暂无信息|暂无信息|暂无信息|1栋
西园子二巷|(东城天坛)西园子二巷|暂无参考均价|1970年建成|未知类型|暂无信息|暂无信息|暂无信息|3栋
西唐街|(东城崇文门)西唐街|暂无参考均价|暂无信息|未知类型|暂无信息|暂无信息|暂无信息|15栋
香乐胡同|(东城崇文门)香乐胡同|暂无参考均价|暂无信息|未知类型|暂无信息|暂无信息|暂无信息|4栋
新裕商务大厦|(东城崇文门)广渠门内大街|暂无参考均价|2007年建成|塔楼|4元/平米/月|北京新世界物业管理有限公司|北京崇文新世界房地产发展有限公司|1栋
西厅胡同|(东城崇文门)西厅胡同|暂无参考均价|暂无信息|未知类型|暂无信息|暂无信息|暂无信息|22栋
国旺东巷|(东城安定门)国旺东巷|暂无参考均价|暂无信息|未知类型|暂无信息|暂无信息|暂无信息|1栋
宝华里80号院|(东城永定门)宝华里80号|暂无参考均价|暂无信息|未知类型|暂无信息|暂无信息|暂无信息|1栋
铁路三角线|(东城广渠门)铁路三角线|暂无参考均价|暂无信息|平房|暂无信息|暂无信息|暂无信息|1栋
葱店一巷|(东城崇文门)葱店一巷|暂无参考均价|暂无信息|未知类型|暂无信息|暂无信息|暂无信息|2栋
沙土山街|(东城崇文门)沙土山街|暂无参考均价|暂无信息|平房|暂无信息|暂无信息|暂无信息|1栋
兴旺胡同|(东城天坛)兴旺胡同|暂无参考均价|暂无信息|平房|暂无信息|暂无信息|暂无信息|4栋
新革路|(东城崇文门)新革路22|暂无参考均价|暂无信息|未知类型|暂无信息|暂无信息|暂无信息|1栋
崇文门内大街|(东城建国门外)崇文门内大街|暂无参考均价|暂无信息|未知类型|暂无信息|暂无信息|暂无信息|1栋
西镇江胡同|(东城建国门外)西镇江胡同|暂无参考均价|暂无信息|平房|暂无信息|暂无信息|暂无信息|2栋
草厂头条7号院|(东城崇文门)草厂头条7号院|暂无参考均价|1996年建成|板楼|暂无信息|暂无信息|暂无信息|1栋
西八角胡同|(东城崇文门)西八角胡同|暂无参考均价|暂无信息|未知类型|暂无信息|暂无信息|暂无信息|1栋
小报房胡同|(东城建国门外)小报房胡同|暂无参考均价|暂无信息|未知类型|暂无信息|暂无信息|暂无信息|4栋
石板胡同|(东城崇文门)石板胡同|暂无参考均价|暂无信息|未知类型|暂无信息|暂无信息|暂无信息|19栋
天桥西草市东街|(东城天坛)天桥西草市东街|暂无参考均价|1970年建成|板楼|暂无信息|暂无信息|暂无信息|7栋
食品公司宿舍|(东城陶然亭)三元街11号院宿舍楼|暂无参考均价|1980年建成|板楼|暂无信息|暂无信息|暂无信息|2栋
施兴胡同|(东城崇文门)施兴胡同|暂无参考均价|暂无信息|未知类型|暂无信息|暂无信息|暂无信息|2栋
青云胡同|(东城崇文门)青云胡同|暂无参考均价|暂无信息|未知类型|暂无信息|暂无信息|暂无信息|14栋
南武胜巷|(东城崇文门)南武胜巷|暂无参考均价|暂无信息|未知类型|暂无信息|暂无信息|暂无信息|7栋
南深沟胡同|(东城崇文门)南深沟胡同|暂无参考均价|暂无信息|未知类型|暂无信息|暂无信息|暂无信息|1栋
南芦草园胡同|(东城崇文门)南芦草园胡同|暂无参考均价|暂无信息|未知类型|暂无信息|暂无信息|暂无信息|3栋
红桥市场|(东城崇文门)红桥市场|暂无参考均价|暂无信息|未知类型|暂无信息|暂无信息|暂无信息|2栋
好景胡同|(东城崇文门)好景胡同|暂无参考均价|暂无信息|未知类型|暂无信息|暂无信息|暂无信息|1栋
龙须沟|(东城天坛)龙须沟路|暂无参考均价|1989年建成|未知类型|暂无信息|暂无信息|暂无信息|2栋
黄寺大街12号院|(东城安定门)黄寺大街12号院|暂无参考均价|暂无信息|未知类型|暂无信息|暂无信息|暂无信息|1栋
洪福胡同|(东城崇文门)洪福胡同|暂无参考均价|暂无信息|未知类型|暂无信息|暂无信息|暂无信息|1栋
精忠街|(东城天坛)精忠街|暂无参考均价|1990年建成|板楼|暂无信息|暂无信息|暂无信息|2栋
中鲜鱼巷|(东城建国门外)中鲜鱼巷|暂无参考均价|暂无信息|未知类型|暂无信息|暂无信息|暂无信息|29栋
黄寺大街甲6号院|(东城安定门)黄寺大街甲6号院|暂无参考均价|1998年建成|板楼|暂无信息|暂无信息|暂无信息|1栋
麻线胡同|(东城建国门外)麻线胡同|暂无参考均价|暂无信息|未知类型|暂无信息|暂无信息|暂无信息|1栋
东四头条|(东城东四)东四头条|暂无参考均价|暂无信息|未知类型|暂无信息|暂无信息|暂无信息|61栋
新裕家园B区|(东城崇文门)新裕家园|暂无参考均价|暂无信息|未知类型|暂无信息|暂无信息|暂无信息|1栋
景阳胡同|(东城地安门)景阳胡同13号院|暂无参考均价|暂无信息|未知类型|暂无信息|暂无信息|暂无信息|15栋
九道湾中巷|(东城东四)九道湾中巷|暂无参考均价|暂无信息|未知类型|暂无信息|暂无信息|暂无信息|3栋
黄化门街|(东城东四)黄化门街|暂无参考均价|暂无信息|未知类型|暂无信息|暂无信息|暂无信息|61栋
横街胡同|(东城东四)横街胡同|暂无参考均价|暂无信息|未知类型|暂无信息|暂无信息|暂无信息|5栋
东方豪庭公寓|(东城东单)东方豪庭公寓|暂无参考均价|暂无信息|板楼|暂无信息|暂无信息|暂无信息|1栋
吉安所巷|(东城东四)吉安所巷|暂无参考均价|暂无信息|未知类型|暂无信息|暂无信息|暂无信息|22栋
朝内大街137号院|(东城东四)朝内大街137号院|暂无参考均价|暂无信息|未知类型|暂无信息|暂无信息|暂无信息|5栋
九道湾北巷|(东城东四)九道湾北巷|暂无参考均价|2004年建成|未知类型|暂无信息|暂无信息|暂无信息|54栋
合作巷|(东城东直门)合作巷|暂无参考均价|暂无信息|未知类型|暂无信息|暂无信息|暂无信息|9栋
横栅栏胡同|(东城东四)横栅栏胡同|暂无参考均价|暂无信息|未知类型|暂无信息|暂无信息|暂无信息|1栋
山老胡同|(东城东四)山老胡同|暂无参考均价|1989年建成|板楼|暂无信息|暂无信息|暂无信息|46栋
东花市大街|(东城东花市)东花市大街|暂无参考均价|暂无信息|板楼|暂无信息|暂无信息|暂无信息|4栋
民主北街89号|(东城永定门)民主北街89号|暂无参考均价|1979年建成|板楼|暂无信息|暂无信息|暂无信息|1栋
南顺成街|(东城朝阳门内)南顺成街|暂无参考均价|暂无信息|未知类型|暂无信息|暂无信息|暂无信息|46栋
流水东巷|(东城东四)流水东巷|暂无参考均价|1980年建成|平房|暂无信息|暂无信息|暂无信息|16栋
盔甲厂胡同|(东城建国门外)盔甲厂胡同|暂无参考均价|暂无信息|未知类型|暂无信息|暂无信息|暂无信息|9栋
后沟胡同|(东城建国门外)后沟胡同|暂无参考均价|暂无信息|未知类型|暂无信息|暂无信息|暂无信息|4栋
腊库胡同|(东城东四)腊库胡同|暂无参考均价|2017年建成|未知类型|暂无信息|暂无信息|暂无信息|36栋
后鼓楼苑胡同|(东城地安门)后鼓楼苑胡同|暂无参考均价|1960年建成|板楼/平房|暂无信息|无物业管理服务|无开发商|20栋
后圆恩寺胡同|(东城地安门)后圆恩寺胡同|暂无参考均价|暂无信息|未知类型|暂无信息|暂无信息|暂无信息|18栋
炒豆胡同|(东城地安门)炒豆胡同|暂无参考均价|暂无信息|未知类型|暂无信息|暂无信息|暂无信息|39栋
朝内头条|(东城东四)朝内头条|暂无参考均价|暂无信息|未知类型|暂无信息|暂无信息|暂无信息|1栋
手帕胡同|(东城崇文门)手帕胡同|暂无参考均价|暂无信息|平房|暂无信息|暂无信息|暂无信息|9栋
毛家湾胡同|(东城建国门外)毛家湾胡同|暂无参考均价|暂无信息|未知类型|暂无信息|暂无信息|暂无信息|5栋
罗车胡同|(东城东四)罗车胡同|暂无参考均价|1988年建成|平房|暂无信息|无物业管理服务|无开发公司|73栋
东花厅胡同|(东城金宝街)东花厅胡同|暂无参考均价|暂无信息|未知类型|暂无信息|暂无信息|暂无信息|4栋
前炒面胡同|(东城金宝街)前炒面胡同|暂无参考均价|1980年建成|平房|暂无信息|无物业管理服务|无开发商|31栋
大鹁鸽胡同|(东城灯市口)大鹁鸽胡同|暂无参考均价|暂无信息|平房|暂无信息|暂无信息|无开发商|6栋
后永康二巷|(东城东直门)后永康二巷|暂无参考均价|1985年建成|板楼|暂无信息|暂无信息|暂无信息|10栋
北池子头条|(东城灯市口)北池子头条|暂无参考均价|暂无信息|未知类型|暂无信息|暂无信息|暂无信息|1栋
翠花胡同|(东城灯市口)翠花胡同|暂无参考均价|2013年建成|平房|暂无信息|暂无信息|暂无信息|8栋
北池子三条|(东城灯市口)北池子三条|暂无参考均价|暂无信息|未知类型|暂无信息|暂无信息|暂无信息|4栋
板厂胡同|(东城地安门)板厂胡同|暂无参考均价|暂无信息|未知类型|暂无信息|暂无信息|暂无信息|46栋
帽儿胡同|(东城地安门)帽儿胡同|暂无参考均价|暂无信息|未知类型|暂无信息|暂无信息|暂无信息|10栋
东直门内北小街3号院|(东城东直门)东直门内北小街3号院|暂无参考均价|暂无信息|未知类型|暂无信息|暂无信息|暂无信息|1栋
东绦胡同|(东城安定门)安定门二环内|暂无参考均价|暂无信息|平房|暂无信息|暂无信息|暂无信息|13栋
潘家坡胡同|(东城朝阳门外)潘家坡胡同|暂无参考均价|1985年建成|板楼|0.5元/平米/月|暂无信息|暂无信息|1栋
大羊毛胡同|(东城建国门外)大羊毛胡同|暂无参考均价|暂无信息|未知类型|暂无信息|暂无信息|暂无信息|6栋
国学胡同|(东城安定门)国学胡同|暂无参考均价|暂无信息|平房|暂无信息|暂无信息|暂无信息|12栋
民主北街|(东城永定门)民主北街91号|暂无参考均价|1970年建成|板楼|暂无信息|暂无信息|暂无信息|9栋
西公街|(东城地安门)西公街|暂无参考均价|2008年建成|未知类型|暂无信息|暂无信息|暂无信息|41栋
杰宝公寓|(东城和平里)安外大街86号院|暂无参考均价|2000年建成|塔板结合|暂无信息|暂无信息|北京杰宝房地产开发有限公司|1栋
什锦花园胡同45号院|(东城东四)什锦花园胡同45号院|暂无参考均价|1988年建成|平房|暂无信息|暂无信息|暂无信息|4栋
官书院1号院|(东城安定门)官书院1号院|暂无参考均价|2003年建成|板楼|暂无信息|暂无信息|暂无信息|2栋
东四三条|(东城东四)东四三条|暂无参考均价|1978年建成|平房|暂无信息|暂无信息|暂无信息|56栋
纱络胡同|(东城安定门)纱络胡同|暂无参考均价|暂无信息|未知类型|暂无信息|暂无信息|暂无信息|45栋
白米仓胡同|(东城交道口)白米仓胡同|暂无参考均价|2002年建成|平房|暂无信息|暂无信息|暂无信息|36栋
小牌坊胡同|(东城朝阳门内)小牌坊胡同|暂无参考均价|暂无信息|未知类型|暂无信息|暂无信息|暂无信息|58栋
外馆斜街6号院|(东城安定门)外馆斜街6号院|暂无参考均价|暂无信息|塔板结合|暂无信息|暂无信息|暂无信息|1栋
华丰胡同|(东城地安门)华丰胡同|暂无参考均价|暂无信息|未知类型|暂无信息|暂无信息|暂无信息|13栋
寿比胡同|(东城地安门)寿比胡同|暂无参考均价|暂无信息|未知类型|暂无信息|暂无信息|暂无信息|45栋
琉璃井北里|(东城永定门)琉璃井北里|暂无参考均价|暂无信息|平房|暂无信息|暂无信息|暂无信息|4栋
门楼胡同|(东城东四)门楼胡同|暂无参考均价|1988年建成|平房|暂无信息|无物业管理服务|无开发公司|33栋
励骏华庭|(东城建国门内)金宝街90号|暂无参考均价|2009年建成|塔板结合|18元/平米/月|北京励展物业管理有限公司|北京励骏华庭|2栋
东四十三条|(东城东四)东四十三条|暂无参考均价|1988年建成|平房|暂无信息|无物业管理服务|无开发商|56栋
北兵马司胡同|(东城地安门)北兵马司胡同|暂无参考均价|暂无信息|未知类型|暂无信息|暂无信息|暂无信息|54栋
安外大街82号院|(东城和平里)安外大街82号院|暂无参考均价|1985年建成|板楼|暂无信息|暂无信息|暂无信息|2栋
后永康北巷|(东城东直门)后永康北巷|暂无参考均价|2008年建成|未知类型|暂无信息|北京兰基物业管理有限公司|北京天石恒房地产开发有限公司|39栋
大豆腐巷|(东城灯市口)大豆腐巷|暂无参考均价|1987年建成|板楼/平房|暂无信息|单位自管物业|无开发商|45栋
交道口北二条|(东城交道口)交道口北二条|暂无参考均价|暂无信息|平房|暂无信息|无物业管理服务|无开发商|25栋
大菊胡同|(东城东四)大菊胡同|暂无参考均价|1956年建成|平房|暂无信息|暂无信息|暂无信息|38栋
细管胡同|(东城交道口)细管胡同|暂无参考均价|暂无信息|未知类型|暂无信息|暂无信息|暂无信息|51栋
佳汇中心|(东城工体)吉庆里6号|35836|2000年建成|塔楼|26元/平米/月|北京中天如日物业管理有限公司|北京佳汇房地产开发有限公司|2栋
府学胡同|(东城交道口)府学胡同|暂无参考均价|暂无信息|平房|暂无信息|暂无信息|暂无信息|58栋
官房大院胡同|(东城灯市口)官房大院胡同|166348|暂无信息|板楼/平房|暂无信息|暂无信息|无开发商|21栋
新太仓胡同|(东城东四)新太仓胡同|150672|1980年建成|板楼|暂无信息|北京市东旭佳业物业管理有限责任公司|暂无信息|26栋
后肖家胡同|(东城安定门)后肖家胡同|137031|1980年建成|平房|暂无信息|无物业管理服务|北京市东城区住宅建设开发公司|9栋
万庆巷|(东城灯市口)万庆巷|186735|1939年建成|平房|暂无信息|暂无信息|无开发商|3栋
辛安里|(东城地安门)辛安里|120927|1993年建成|未知类型|暂无信息|暂无信息|暂无信息|19栋
双玉中街|(东城左安门)东四块玉南街双玉中街小区|73396|1980年建成|板楼|暂无信息|无物业管理服务|暂无信息|2栋
西革新里122号|(东城西罗园)西革新里122号|72124|1983年建成|板楼|0.3元/平米/月|房管所代管物业|北京城市开发股份有限公司|1栋
钱粮胡同|(东城东四)钱粮胡同南巷5号|76443|1970年建成|平房|暂无信息|无物业管理服务|无开发商|34栋
正义路10号院|(东城前门)正义路10号院|96027|1979年建成|塔板结合|暂无信息|街道办事处（委员会）代管物业|无开发商|1栋
三眼井胡同|(东城东四)三眼井胡同|158259|1989年建成|板楼/平房|暂无信息|无物业管理服务|无开发商|33栋
沙滩北街2号院|(东城东四)沙滩北街2号院|92270|1994年建成|板楼|暂无信息|暂无信息|暂无信息|3栋
国祥胡同|(东城安定门)国祥胡同|102502|1983年建成|板楼/平房|暂无信息|暂无信息|暂无信息|11栋
东四块玉南街2号院|(东城左安门)东四块玉南街2号院|73241|1980年建成|板楼|暂无信息|无物业管理服务|暂无信息|2栋
华仁路小区|(西城陶然亭)华仁路小区|85807|1977年建成|板楼|暂无信息|无物业管理服务|北京市天桥投资开发公司|5栋
儒福里|(西城陶然亭)儒福里|81971|1950年建成|板楼|暂无信息|无物业管理服务|无开发商|6栋
西直门内大街237号|(西城西直门)西直门内大街237号|105835|1980年建成|板楼|暂无信息|北京天恒瑞海物业管理有限责任公司|暂无信息|2栋
手帕口南街40号院|(西城广安门)手帕口南街40号院|79225|1984年建成|板楼|暂无信息|街道办事处（委员会）代管物业|北京市宣武区城市建设综合开发总公司|4栋
月坛北小街|(西城月坛)月坛北小街|99086|1973年建成|板楼|暂无信息|单位自管物业|暂无信息|7栋
黑窑厂东街|(西城陶然亭)黑窑厂东街|98245|1984年建成|板楼|暂无信息|无物业管理服务|北京市朝阳区房管局|2栋
新德街甲31号院|(西城德胜门)新德街甲31号院|119254|1986年建成|板楼|暂无信息|无物业管理服务|北京中影房地产开发有限公司|1栋
富通大厦|(西城官园)车公庄大街, 车公庄大街甲1号, 车公庄大街丙1号|93580|2000年建成|塔楼|1.7元/平米/月|北京蔚蓝基业物业管理公司|北京鸿达房地产有限公司|3栋
百万庄子区|(西城阜成门)百万庄子区|95914|1954年建成|板楼|暂无信息|暂无信息|暂无信息|7栋
南线阁9号院|(西城牛街)南线阁9号院|99244|2000年建成|塔楼|暂无信息|暂无信息|暂无信息|5栋
西黄城根南街9号院|(西城西单)西黄城根南街9号院|124603|1973年建成|板楼|1.3元/平米/月|房管所代管物业|无开发商|2栋
富明公寓|(西城牛街)广安门内大街304号|83242|1999年建成|塔楼|1.98元/平米/月|北京康乐物业管理有限公司|北京市宣武区房地产经营开发公司|2栋
百万庄寅区|(西城阜成门)百万庄寅区|110650|1954年建成|板楼|暂无信息|暂无信息|暂无信息|7栋
广安门外南街67号院|(西城天宁寺)广外南街67号院|78093|1991年建成|板楼|暂无信息|中铁六局集团北京铁路建设有限公司方大物业管理分公司|中铁六局集团北京置业有限公司|2栋
新兴东巷|(西城西直门)新兴东巷|98436|1983年建成|板楼|暂无信息|暂无信息|暂无信息|3栋
百万庄午区|(西城阜成门)百万庄午区|106275|1954年建成|板楼|0.66元/平米/月|单位自管物业|无开发商|9栋
蓝星公寓|(西城六铺炕)安德路甲36号院|140224|2003年建成|板楼|暂无信息|暂无信息|暂无信息|2栋
半步桥6号院|(西城右安门内)半步桥6号院, 半步桥胡同6号|97150|1998年建成|板楼|暂无信息|暂无信息|暂无信息|3栋
莲花池东路|(西城木樨地)莲花池东路|114730|1984年建成|塔楼/板楼|2元/平米/月|业主自筹物业|无开发商|4栋
百万庄卯区|(西城阜成门)百万庄卯区|96621|1954年建成|板楼|暂无信息|暂无信息|暂无信息|7栋
百万庄巳区|(西城阜成门)百万庄巳区|94906|1954年建成|板楼|暂无信息|暂无信息|暂无信息|6栋
中毛家湾|(西城西四)中毛家湾1号, 中毛家湾2号|132544|1914年建成|板楼/平房|1.2元/平米/月|无物业管理服务|无开发商|24栋
骡马市大街|(西城陶然亭)骡马市大街|87486|1960年建成|塔楼/板楼/平房|1至1.98元/平米/月|北方物业开发有限公司|无开发公司|7栋
厂甸11号院|(西城宣武门)厂甸11号院|105861|1980年建成|板楼|1元/平米/月|无物业管理服务|无开发公司|2栋
岳峰园|(西城长椿街)岳峰园三区|75978|1990年建成|塔楼|1.85元/平米/月|北京岳安物业管理有限责任公司|北京岳安实业股份有限公司|3栋
前毛家湾3号|(西城西四)前毛家湾3号|162284|1992年建成|板楼|暂无信息|无物业管理服务|无开发商|2栋
巴黎公寓|(西城月坛)月坛南街85|76662|1994年建成|板楼|2.48元/平米/月|北京安恒物业公司|北京建工集团有限责任公司|1栋
定阜街10号院|(西城地安门)定阜街10号院|117012|1982年建成|板楼|0.6元/平米/月|单位自管物业|暂无信息|1栋
西交民巷62号院|(西城西单)西交民巷62号院|125206|1980年建成|塔板结合|暂无信息|无物业管理服务|无开发公司|2栋
丰盛胡同|(西城金融街)丰盛胡同|137079|1974年建成|板楼/平房|暂无信息|无物业管理服务|无开发公司|37栋
东南园|(西城宣武门)东南园|97512|1989年建成|塔楼/板楼|暂无信息|无物业管理服务|无开发公司|14栋
南礼士路|(西城月坛)南礼士路|79341|1960年建成|板楼|0.8元/平米/月|单位自管物业|无开发商|5栋
大石桥胡同29号院|(西城六铺炕)大石桥胡同29号院|128644|1981年建成|板楼|1元/平米/月|单位自管物业|北京市西城区城市建设开发公司|4栋
右安门西街|(西城右安门内)右安门西街|93661|1974年建成|板楼|暂无信息|单位自管物业|北京市第一建筑工程公司|4栋
永安路小区|(西城陶然亭)天桥街道永安路小区|75601|1950年建成|塔楼/板楼|暂无信息|无物业管理服务|无开发公司|17栋
西直门外南路21号院|(西城车公庄)西直门外南路21号院|96567|1991年建成|板楼|暂无信息|暂无信息|暂无信息|3栋
教育街|(西城金融街)教育街|128223|1980年建成|塔板结合|暂无信息|暂无信息|暂无信息|1栋
万明路18号院|(西城陶然亭)万明路18号院|61408|1989年建成|塔楼|暂无信息|无物业管理服务|北京市宣武区城市建设综合开发总公司|2栋
金果胡同|(西城官园)金果胡同|106176|1985年建成|板楼|暂无信息|暂无信息|暂无信息|12栋
德外大街甲22号|(西城六铺炕)德胜门外大街甲22号|105408|1983年建成|板楼|0.5元/平米/月|单位自管物业|中国水电建设集团房地产有限公司|1栋
城市之光|(西城牛街)枣林前街119号院|66009|1997年建成|塔楼|1.8元/平米/月|北京东方泰阁物业管理有限公司|北京首开万科置业有限公司|1栋
月坛北小街5号院|(西城月坛)月坛北小街月坛北小街5号院|95451|1960年建成|板楼|1.2元/平米/月|街道办事处（委员会）代管物业|无开发公司|5栋
报国寺西夹道32号院|(西城长椿街)报国寺西夹道32号院|75367|1979年建成|板楼|暂无信息|单位自管物业|无开发商|1栋
百万庄2号院|(西城阜成门)百万庄大街2号院|48220|1956年建成|板楼|1.1元/平米/月|北京金瑞物业管理有限责任公司|暂无信息|8栋
航空胡同11号院|(西城西四)航空胡同11号院|130761|1984年建成|板楼|1.2元/平米/月|单位自管物业|暂无信息|2栋
松树街|(西城地安门)松树街39号|105351|1957年建成|板楼/平房|0.9元/平米/月|单位自管物业|暂无信息|10栋
砖塔胡同78号院|(西城金融街)砖塔胡同78号院|87731|1958年建成|板楼/平房|0.5元/平米/月|房管所代管物业|暂无信息|6栋
报国寺东夹道1号东院|(西城长椿街)报国寺东夹道1号东院|83249|1957年建成|板楼|0.55元/平米/月|北京盛谷华物业管理有限责任公司|无开发商|5栋
姚家井|(西城陶然亭)姚家井|99000|1985年建成|板楼|暂无信息|暂无信息|暂无信息|7栋
小西天东里|(西城德胜门)小西天东里|111482|1950年建成|板楼|暂无信息|暂无信息|暂无信息|10栋
白广路7号院|(西城牛街)白广路7号院|80924|1983年建成|板楼|暂无信息|暂无信息|暂无信息|3栋
三里河路4号院|(西城车公庄)三里河路4号院|98482|1980年建成|板楼|1元/平米/月|单位自管物业|无开发商|1栋
参政胡同19号院|(西城金融街)参政19号院|121516|1986年建成|塔楼|暂无信息|暂无信息|暂无信息|1栋
百万庄丑区|(西城阜成门)百万庄丑区|95893|1954年建成|板楼|暂无信息|暂无信息|暂无信息|7栋
北环中心|(西城马甸)裕民路18号|35381|2006年建成|塔楼|4.9至4.92元/平米/月|北京戴德梁行物业管理有限公司|首创置业股份有限公司|3栋
兴华胡同|(西城地安门)兴华胡同|109093|1930年建成|板楼/平房|暂无信息|无物业管理服务|无开发商|8栋
西交民巷27号院|(西城西单)西郊民巷27号院|118557|1978年建成|板楼|暂无信息|暂无信息|暂无信息|3栋
宣武门外西里|(西城宣武门)宣武门外西里|88070|1970年建成|板楼|暂无信息|单位自管物业|北京市房屋管理局|4栋
白广路二条|(西城牛街)白广路二条|77911|1990年建成|塔楼/板楼|暂无信息|暂无信息|暂无信息|2栋
太平街20号旁门|(西城陶然亭)太平街20号旁门|98558|1984年建成|板楼|暂无信息|单位自管物业|无开发商|3栋
东经路98号|(西城陶然亭)东经路98号|83933|1997年建成|板楼|0.5元/平米/月|单位自管物业|北京市宣武区城市建设综合开发总公司|1栋
三里河东路甲10号院|(西城月坛)三里河东路甲10号|99468|1980年建成|板楼|暂无信息|暂无信息|北京住总房地产开发有限责任公司|1栋
泰然居|(西城右安门内)白纸坊东街10号|84442|2002年建成|塔楼/塔板结合|暂无信息|暂无信息|暂无信息|2栋
椿树馆街|(西城天宁寺)椿树馆街|87285|1960年建成|板楼/平房|暂无信息|无物业管理服务|无开发商|5栋
南礼士路甲1号|(西城月坛)南礼士路甲1号院|94210|1974年建成|板楼|0.8元/平米/月|单位自管物业|无开发商|14栋
东经路6号院|(西城陶然亭)东经路6号院|81823|1998年建成|板楼|0.5元/平米/月|暂无信息|北京市宣武区城市建设综合开发总公司|2栋
育幼胡同|(西城官园)育幼胡同|119819|1961年建成|塔楼/板楼/塔板结合/平房|暂无信息|无物业管理服务|北京市西城区城市建设开发公司|7栋
百万庄大街|(西城阜成门)百万庄大街, 百万庄大街18号, 百万庄大街甲39号, 百万庄大街乙39号, 百万庄大街6号院|94799|1990年建成|板楼/塔板结合|暂无信息|暂无信息|暂无信息|3栋
三里河南二巷|(西城月坛)三里河南二巷|101740|1981年建成|板楼|1.5元/平米/月|首华物业管理公司三里河物业站|新华房地产开发公司|1栋
宣兴大厦|(西城牛街)造林前街35号院|62851|1996年建成|塔楼|3.81元/平米/月|暂无信息|北京宣兴房地产股份有限公司|1栋
东经路19号院|(西城陶然亭)东经路19号院|119601|1982年建成|板楼|0.5元/平米/月|单位自管物业|北京市宣武区城市建设综合开发总公司|3栋
权盛里|(西城宣武门)权盛里|75234|1983年建成|板楼|暂无信息|单位自管物业|暂无信息|1栋
熔炼厂宿舍|(西城广安门)熔炼厂宿舍|71090|1980年建成|板楼|暂无信息|街道办事处（委员会）代管物业|北京市宣武区城市建设综合开发总公司|3栋
南线阁|(西城牛街)南线阁21号, 南线阁甲12号|82915|1961年建成|塔楼/板楼|1.6元/平米/月|无物业管理服务|北京市宣武区房地产经营开发公司|4栋
玉芙胡同|(西城西直门)玉芙胡同12号|88568|1978年建成|板楼|暂无信息|暂无信息|北京天鸿置业有限公司|1栋
广义里小区|(西城长椿街)广义里小区|89585|1970年建成|板楼|暂无信息|暂无信息|暂无信息|13栋
新外大街甲12号院|(西城马甸)新外大街甲12号院, 新街口外大街甲12号|130344|1982年建成|板楼|暂无信息|单位自管物业|暂无信息|1栋
文兴街2号院|(西城车公庄)文兴街2号院|98093|1984年建成|板楼|1元/平米/月|单位自管物业|无开发商|1栋
月坛北小街7号院|(西城月坛)月坛北小街7号院|104013|1965年建成|板楼|1.23元/平米/月|首华物业管理公司三里河物业站|北京市西城区城市建设开发公司|1栋
西廊下胡同二号院|(西城官园)西廊下胡同二号院|108643|1953年建成|板楼|暂无信息|暂无信息|暂无信息|5栋
阜成门外大街36号院|(西城月坛)阜成门外大街36号院|119412|1990年建成|板楼|暂无信息|暂无信息|暂无信息|1栋
门楼巷|(西城牛街)门楼巷|75766|1989年建成|板楼|0.5元/平米/月|北京佳诚物业管理有限公司|北京市宣武区城市建设综合开发总公司|4栋
育德胡同|(西城西四)新街口街道育德胡同|114678|1959年建成|板楼/平房|1.5元/平米/月|单位自管物业|无开发商|19栋
南纬路37号院|(西城陶然亭)南纬路37号院|95806|1999年建成|板楼|2.28元/平米/月|单位自管物业|北京市宣武区城市建设综合开发总公司|1栋
西四北五条|(西城西四)西四北五条|100792|1982年建成|板楼|暂无信息|暂无信息|暂无信息|20栋
南营房|(西城月坛)南营房|99843|1965年建成|板楼|暂无信息|房管所代管物业|无开发商|24栋
菜园街10号院|(西城白纸坊)菜园街10号院|76091|2003年建成|板楼|1.88元/平米/月|北京邦克物业管理有限公司|无开发商|2栋
广义街甲6号院|(西城长椿街)广义街甲6号院, 广义街10号|84267|1986年建成|板楼|暂无信息|暂无信息|暂无信息|1栋
鸭子桥26号院|(西城菜户营)鸭子桥26号院|79946|1979年建成|板楼|暂无信息|无物业管理服务|中建一局集团房地产开发有限公司|2栋
里仁街1号院|(西城右安门内)里仁街1号院|100472|1980年建成|板楼|0.52元/平米/月|北京育欣兴物业管理中心|无开发商|2栋
后半壁街8号|(西城官园)后半壁街8号|108719|1985年建成|板楼|暂无信息|无物业管理服务|无开发商|1栋
广安门北街|(西城长椿街)广安门北街|95002|1992年建成|塔楼/塔板结合|暂无信息|暂无信息|暂无信息|2栋
樱桃头条|(西城白纸坊)樱桃头条甲2号院|59189|1980年建成|板楼|暂无信息|无物业管理服务|北京市宣武区房地产经营开发公司|2栋
天宁寺前街|(西城天宁寺)天宁寺前街|81715|1996年建成|板楼|0.9元/平米/月|单位自管物业|北京华电房地产开发有限责任公司|1栋
西四北三条|(西城官园)西四北三条|110540|1978年建成|板楼/平房|0.1元/平米/月|无物业管理服务|无开发商|8栋
白广路东里|(西城白纸坊)白广路东里|92262|1950年建成|板楼|暂无信息|暂无信息|暂无信息|8栋
太平仓胡同14号院|(西城西四)太平仓胡同14号院|168644|1982年建成|板楼|暂无信息|暂无信息|暂无信息|2栋
永内西街北里|(西城陶然亭)永定门内西街北里4号院|103792|1982年建成|板楼|暂无信息|暂无信息|暂无信息|5栋
白广路|(西城牛街)白广路6号院, 白广路41号, 白广路43号, 白广路45号, 白广路8号|83605|1958年建成|板楼|0.55元/平米/月|无物业管理服务|北京宣兴房地产开发股份有限公司|8栋
太平街5号楼|(西城陶然亭)太平街5号楼|95704|1980年建成|板楼|暂无信息|暂无信息|暂无信息|1栋
月坛南街7号院|(西城月坛)月坛南街7号院|101663|1978年建成|板楼|暂无信息|暂无信息|暂无信息|1栋
辟才胡同42号院|(西城金融街)辟才胡同42号院|130447|2004年建成|板楼|暂无信息|暂无信息|暂无信息|3栋
炭厂胡同|(西城六铺炕)炭厂胡同|169755|1980年建成|板楼|0.5元/平米/月|单位自管物业|暂无信息|1栋
禄长街二条|(西城陶然亭)禄长街二条|73818|1980年建成|板楼|0.5元/平米/月|通用技术集团物业管理有限公司|北京市宣武区城市建设综合开发总公司|7栋
安平里|(西城宣武门)安平里|115142|1982年建成|板楼|1元/平米/月|无物业管理服务|无开发商|3栋
盆儿胡同61号院|(西城牛街)盆儿胡同61号院|90052|1994年建成|板楼|暂无信息|暂无信息|暂无信息|1栋
草岚子胡同|(西城西四)草岚子胡同|124285|1982年建成|板楼/平房|暂无信息|无物业管理服务|暂无信息|3栋
南线阁5号院|(西城牛街)南线阁5号院|78676|1972年建成|板楼|暂无信息|暂无信息|暂无信息|1栋
双柳树头条|(西城陶然亭)双柳树头条|97419|1980年建成|板楼|暂无信息|暂无信息|暂无信息|2栋
马连道南街12号院|(西城马连道)马连道南街12号|81324|1981年建成|板楼|暂无信息|暂无信息|暂无信息|1栋
西什库大街74号院|(西城西四)西什库大街74号院|150411|1984年建成|板楼|暂无信息|无物业管理服务|暂无信息|1栋
前毛家湾|(西城西四)前毛家湾|157647|1978年建成|板楼/平房|0.6元/平米/月|无物业管理服务|暂无信息|2栋
新居东里|(西城天宁寺)新居东里|93511|1990年建成|板楼|暂无信息|无物业管理服务|北京市热力集团|3栋
思源胡同|(西城长椿街)思源胡同|79715|1991年建成|板楼|暂无信息|单位自管物业|北京绿都源房地产开发有限公司|1栋
灵境胡同12号院|(西城西单)灵境胡同12号院|122491|1980年建成|板楼|1.3元/平米/月|暂无信息|暂无信息|6栋
南半截胡同26号院|(西城牛街)南半截胡同26号院|86940|1979年建成|板楼|暂无信息|暂无信息|暂无信息|2栋
南礼士路三条甲一号院|(西城月坛)南礼士路三条甲一号院|103716|1983年建成|塔板结合|暂无信息|暂无信息|暂无信息|1栋
菜园北里|(西城牛街)菜园北里|77453|1973年建成|板楼|0.55元/平米/月|北京宣武区城市建设综合开发总公司|北京宣兴房地产开发股份有限公司|4栋
文兴东街5号院|(西城车公庄)文兴东街5号院|99356|1979年建成|板楼|暂无信息|暂无信息|暂无信息|1栋
西海南沿34号|(西城德胜门)西海南沿34号|114621|1976年建成|板楼|0.5元/平米/月|单位自管物业|北京西海房地产开发有限公司|2栋
老墙根129号院|(西城长椿街)老墙根129号院|97000|1980年建成|板楼|暂无信息|暂无信息|暂无信息|1栋
铁树斜街|(西城宣武门)铁树斜街|75114|1992年建成|板楼|暂无信息|暂无信息|暂无信息|24栋
马连道三巷|(西城马连道)马连道三巷|76992|1974年建成|板楼|暂无信息|暂无信息|暂无信息|1栋
庄胜商住楼|(西城宣武门)香炉营头条|95214|1999年建成|塔板结合|2.8元/平米/月|北京庄胜物业管理有限公司|北京庄胜房地产开发有限公司|1栋
益民巷|(西城牛街)益民巷|63645|1960年建成|板楼|暂无信息|暂无信息|暂无信息|4栋
右安西里|(西城右安门内)右安西里|82910|1950年建成|板楼|暂无信息|暂无信息|暂无信息|6栋
广外大街397号|(西城广安门)广外大街397号|83583|1982年建成|未知类型|暂无信息|暂无信息|暂无信息|1栋
北线阁3号院|(西城长椿街)北线阁3号院|92589|1981年建成|板楼|暂无信息|暂无信息|暂无信息|1栋
五路通北街甲1号院|(西城六铺炕)五路通北街甲1号|118977|1958年建成|板楼|暂无信息|暂无信息|暂无信息|1栋
小马厂一巷1号院|(西城广安门)小马厂一巷1号院|78190|2001年建成|塔楼|1.65元/平米/月|北京久居无限物业管理有限公司|北京宣福房地产开发有限责任公司|1栋
力学胡同14号院|(西城西单)力学胡同14号院|104311|1984年建成|板楼|暂无信息|暂无信息|暂无信息|1栋
善果胡同2号院|(西城长椿街)善果胡同2号院|100605|1994年建成|板楼|暂无信息|单位自管物业|无开发商|2栋
南柳巷|(西城宣武门)南柳巷|108518|1987年建成|板楼/平房|暂无信息|暂无信息|暂无信息|20栋
白广路27号院|(西城白纸坊)白广路27号院|72228|1956年建成|板楼|暂无信息|暂无信息|暂无信息|4栋
广义街甲8号院|(西城长椿街)广义街甲8号院|85316|1970年建成|板楼|暂无信息|暂无信息|暂无信息|2栋
报国寺东夹道|(西城长椿街)报国寺东夹道|85322|1958年建成|板楼|0.55元/平米/月|北京盛谷华物业管理有限责任公司|无开发商|6栋
羊房胡同|(西城地安门)羊房胡同|148936|2008年建成|未知类型|暂无信息|暂无信息|暂无信息|12栋
新建里|(西城陶然亭)新建里|114589|1978年建成|板楼|暂无信息|无物业管理服务|无开发商|2栋
力学胡同|(西城西单)力学胡同|98601|1980年建成|板楼/平房|暂无信息|暂无信息|暂无信息|10栋
西便门内大街|(西城长椿街)西便门内大街甲40号|68492|1982年建成|塔楼/板楼|0.1至0.5元/平米/月|街道办事处（委员会）代管物业|煤炭安全监察局|2栋
南纬路南巷7号|(西城陶然亭)南纬路南巷7号|110330|1980年建成|板楼|暂无信息|街道办事处（委员会）代管物业|北京市宣武区城市建设综合开发总公司|1栋
校场口|(西城宣武门)校场口|114623|1985年建成|板楼|暂无信息|暂无信息|暂无信息|28栋
桦皮厂胡同|(西城西直门)桦皮厂胡同|108235|1981年建成|未知类型|暂无信息|暂无信息|暂无信息|2栋
太平街17号院|(西城陶然亭)太平街17号院陶然亭街道|94915|1970年建成|板楼|暂无信息|单位自管物业|无开发商|2栋
先农坛街甲17号院|(西城陶然亭)先农坛甲17号院|91661|1978年建成|板楼|暂无信息|北京安德苑物业管理有限公司小关分公司|无开发商|2栋
沙栏胡同|(西城牛街)沙栏胡同|80212|1980年建成|板楼|暂无信息|暂无信息|暂无信息|1栋
报国寺1号院|(西城长椿街)报国寺1号院|95277|1983年建成|板楼|暂无信息|暂无信息|暂无信息|4栋
南河沿|(西城月坛)南河沿|98233|1980年建成|板楼|暂无信息|房管所代管物业|暂无信息|2栋
陶然亭路|(西城陶然亭)陶然亭路|98057|1983年建成|板楼|暂无信息|暂无信息|暂无信息|5栋
兴隆街1号院|(西城西单)兴隆街1号院|99535|1979年建成|板楼|暂无信息|暂无信息|暂无信息|1栋
真武家园|(西城木樨地)真武家园|暂无参考均价|2008年建成|塔板结合|0.7元/平米/月|暂无信息|暂无信息|3栋
琉璃厂东街|(西城宣武门)琉璃厂东街|248859|暂无信息|未知类型|暂无信息|暂无信息|暂无信息|17栋
自新路|(西城右安门内)自新路|101567|1978年建成|板楼|暂无信息|暂无信息|暂无信息|2栋
陕西巷|(西城宣武门)陕西巷|138247|1949年建成|平房|暂无信息|无物业管理服务|无开发商|15栋
韩家胡同|(西城宣武门)韩家胡同|171924|1955年建成|平房|暂无信息|无物业管理服务|无开发公司|15栋
南草厂胡同|(西城新街口)南草厂街|126181|暂无信息|未知类型|暂无信息|暂无信息|暂无信息|10栋
南线阁19号院|(西城牛街)南线阁19号院|76442|1962年建成|板楼|暂无信息|单位自管物业|无开发商|1栋
平渊北里|(西城牛街)白纸坊东街|94148|1974年建成|板楼|暂无信息|无物业管理服务|北京市宣武区房地产经营开发公司|1栋
小寺街|(西城牛街)小寺街61号|122079|1981年建成|板楼|暂无信息|暂无信息|暂无信息|2栋
富力摩根中心|(西城陶然亭)太平街27号, 太平街6号|34086|2006年建成|塔楼|6元/平米/月|北京恒富物业管理有限公司|富力（北京）地产开发有限公司|5栋
醋章胡同|(西城牛街)醋章胡同|65393|1992年建成|板楼|暂无信息|暂无信息|暂无信息|3栋
中基大厦|(西城马连道)马连道路25号|47877|2012年建成|未知类型|暂无信息|暂无信息|暂无信息|1栋
尚勤胡同|(西城地安门)尚勤胡同|145120|1960年建成|平房|暂无信息|无物业管理服务|无开发商|10栋
西海北沿|(西城德胜门)西海北沿|108429|暂无信息|未知类型|暂无信息|暂无信息|暂无信息|3栋
护国寺18号院|(西城西四)护国寺18号院|122571|1980年建成|板楼|暂无信息|暂无信息|暂无信息|3栋
东北园|(西城宣武门)东北园15号|145366|1955年建成|塔板结合/平房|暂无信息|无物业管理服务|无开发公司|29栋
滨河路110号|(西城六铺炕)滨河路110号|64357|暂无信息|未知类型|暂无信息|暂无信息|暂无信息|1栋
西四北六条|(西城西四)西四北六条|126587|暂无信息|平房|暂无信息|无物业管理服务|暂无信息|5栋
西什库大街37号院|(西城西四)西什库大街37号院|暂无参考均价|1985年建成|板楼/平房|1.2元/平米/月|无物业管理服务|暂无信息|7栋
梁家园东胡同甲1号院|(西城宣武门)梁家园东胡同甲1号院|91221|1985年建成|板楼|暂无信息|暂无信息|暂无信息|1栋
黄寺大街25号院|(西城马甸)黄寺大街25号院|暂无参考均价|2003年建成|塔板结合|暂无信息|暂无信息|暂无信息|2栋
德外大街1号院|(西城马甸)德外大街1号院|暂无参考均价|暂无信息|未知类型|暂无信息|暂无信息|暂无信息|2栋
新海苑|(西城德胜门)冰窖口胡同8号院, 冰窖口8号院|暂无参考均价|2004年建成|板楼/塔板结合|暂无信息|暂无信息|暂无信息|11栋
东华金座|(西城牛街)广安门内大街200号|暂无参考均价|1985年建成|塔楼/板楼|暂无信息|北京鸿润物业管理有限公司|北京中鼎天房地产开发有限公司|6栋
小拐棒胡同|(西城西四)小拐棒胡同|暂无参考均价|暂无信息|未知类型|暂无信息|暂无信息|暂无信息|14栋
三里河南七巷1号院|(西城月坛)三里河南七巷1号院|暂无参考均价|暂无信息|未知类型|暂无信息|暂无信息|暂无信息|3栋
中直德外社区|(西城德胜门)中直德外社区|暂无参考均价|2010年建成|塔楼/塔板结合|暂无信息|暂无信息|暂无信息|3栋
佟麟阁路|(西城金融街)佟麟阁路|暂无参考均价|1969年建成|板楼/平房|暂无信息|无物业管理服务|无开发商|17栋
新街口西里二区2号院|(西城新街口)新街口西里二区2号院|暂无参考均价|2002年建成|板楼|暂无信息|暂无信息|暂无信息|1栋
中新佳园二区|(西城马连道)中新佳园二区|暂无参考均价|2008年建成|塔楼/塔板结合|暂无信息|暂无信息|暂无信息|10栋
白纸坊中里|(西城白纸坊)白纸坊中里|暂无参考均价|1980年建成|板楼|暂无信息|北京合佳物业管理有限责任公司|北京建工集团总公司房地产开发部|18栋
后毛家湾|(西城西四)后毛家湾|暂无参考均价|1920年建成|平房|暂无信息|无物业管理服务|无开发公司|10栋
枣林西里|(西城白纸坊)枣林西里|暂无参考均价|1962年建成|板楼|暂无信息|暂无信息|暂无信息|7栋
中新佳园一区|(西城马连道)中新佳园一区|暂无参考均价|2006年建成|板楼/塔板结合|暂无信息|暂无信息|暂无信息|7栋
广源小区西区|(西城广安门)广安门外大街305号院三区|暂无参考均价|2005年建成|塔板结合|暂无信息|暂无信息|暂无信息|6栋
华裕园小区28号院|(西城西四)华裕园小区28号院|暂无参考均价|2000年建成|板楼|暂无信息|暂无信息|暂无信息|6栋
文华胡同|(西城金融街)文华胡同|暂无参考均价|1960年建成|平房|暂无信息|无物业管理服务|无开发商|25栋
榆树馆东里|(西城车公庄)榆树馆东里|暂无参考均价|1984年建成|板楼|暂无信息|暂无信息|北京市兴地房地产经营开发公司|6栋
柳荫街|(西城地安门)柳荫街|暂无参考均价|1989年建成|板楼|暂无信息|暂无信息|暂无信息|43栋
西绒线胡同|(西城西单)西绒线胡同|暂无参考均价|1990年建成|板楼/平房|0.65元/平米/月|无物业管理服务|无开发公司|7栋
广安苑三期|(西城天宁寺)车站东街甲13号院|暂无参考均价|2008年建成|塔楼|暂无信息|单位自管物业|北京住总集团有限责任公司|2栋
公安大学|(西城木樨地)木樨地南里, 木樨地南里1号|暂无参考均价|1991年建成|塔楼/板楼/塔板结合|暂无信息|暂无信息|暂无信息|18栋
白云观南里|(西城木樨地)白云观南里|暂无参考均价|暂无信息|未知类型|暂无信息|暂无信息|暂无信息|1栋
簸萝仓胡同|(西城西四)簸萝仓胡同|暂无参考均价|1905年建成|平房|暂无信息|无物业管理服务|无开发公司|41栋
小英子胡同|(西城金融街)小英子胡同|暂无参考均价|1981年建成|板楼|暂无信息|暂无信息|暂无信息|1栋
小八道湾|(西城六铺炕)小八道湾|暂无参考均价|1960年建成|平房|0.5元/平米/月|业主自筹物业|北京市西城区城市建设开发公司|4栋
葱店胡同|(西城官园)葱店胡同|暂无参考均价|1996年建成|塔板结合|暂无信息|暂无信息|暂无信息|2栋
小石桥胡同|(西城六铺炕)小石桥胡同|暂无参考均价|暂无信息|未知类型|暂无信息|暂无信息|暂无信息|7栋
文昌胡同|(西城金融街)文昌胡同|暂无参考均价|1970年建成|平房|暂无信息|无物业管理服务|无开发商|13栋
刘兰塑胡同|(西城西四)刘兰塑胡同|暂无参考均价|暂无信息|未知类型|暂无信息|暂无信息|暂无信息|1栋
菜园街24号院|(西城白纸坊)菜园街24号院|暂无参考均价|1986年建成|板楼|暂无信息|暂无信息|暂无信息|4栋
东铁匠胡同|(西城金融街)东铁匠胡同|暂无参考均价|暂无信息|平房|暂无信息|暂无信息|暂无信息|6栋
百万庄大街31号院|(西城阜成门)百万庄大街31号院|暂无参考均价|1988年建成|板楼|暂无信息|暂无信息|暂无信息|1栋
西什库大街31号院|(西城西四)西什库大街|暂无参考均价|1997年建成|板楼|暂无信息|暂无信息|暂无信息|4栋
五路通北街7号院|(西城六铺炕)五路通北街7号院|暂无参考均价|1978年建成|板楼|暂无信息|暂无信息|暂无信息|4栋
白纸坊北里5号院|(西城白纸坊)白纸坊北里5号院|暂无参考均价|1986年建成|板楼|暂无信息|暂无信息|暂无信息|3栋
新文化街四合院|(西城金融街)新文化街|暂无参考均价|1960年建成|塔板结合/平房|暂无信息|北京天岳恒房屋经营管理有限公司|无开发商|38栋
德胜里西街5号|(西城德胜门)德胜里西街5号|暂无参考均价|暂无信息|未知类型|暂无信息|暂无信息|暂无信息|1栋
头发胡同|(西城金融街)头发胡同|暂无参考均价|1960年建成|平房|暂无信息|无物业管理服务|无开发商|25栋
百万庄北里|(西城阜成门)百万庄北里|暂无参考均价|1987年建成|板楼|暂无信息|暂无信息|暂无信息|15栋
西四东大街|(西城西四)西四东大街|暂无参考均价|1924年建成|平房|暂无信息|无物业管理服务|无开发公司|12栋
危改小区|(西城西直门)西直门危改小区|暂无参考均价|2010年建成|板楼/塔板结合|暂无信息|北京鸿鹄物业管理有限公司|北京京铁房地产开发公司|8栋
前进巷|(西城车公庄)前进巷|暂无参考均价|暂无信息|未知类型|暂无信息|暂无信息|暂无信息|2栋
北营房北街11号院|(西城阜成门)北营房北街11号院|暂无参考均价|暂无信息|未知类型|暂无信息|暂无信息|暂无信息|1栋
五路通街|(西城六铺炕)五路通街3号|暂无参考均价|暂无信息|未知类型|暂无信息|暂无信息|暂无信息|1栋
小糖房胡同|(西城西四)小糖房胡同|暂无参考均价|1925年建成|平房|暂无信息|无物业管理服务|无开发公司|2栋
安康胡同|(西城德胜门)安康胡同7号院|暂无参考均价|暂无信息|未知类型|暂无信息|暂无信息|暂无信息|2栋
果家大院|(西城六铺炕)果家大院|暂无参考均价|暂无信息|未知类型|暂无信息|暂无信息|暂无信息|1栋
报国寺东夹道1号西院|(西城长椿街)报国寺东夹道1号西院|暂无参考均价|1980年建成|板楼|0.55元/平米/月|北京盛谷华物业管理有限责任公司|无开发商|2栋
西黄城根北街|(西城西四)西黄城根北街|暂无参考均价|1980年建成|板楼/平房|暂无信息|暂无信息|暂无信息|7栋
南礼士路5号院|(西城月坛)南礼士路5号院|暂无参考均价|1978年建成|板楼|暂无信息|暂无信息|暂无信息|3栋
南玉带胡同|(西城金融街)南玉带胡同|暂无参考均价|暂无信息|未知类型|暂无信息|暂无信息|暂无信息|3栋
大院胡同|(西城金融街)金融街街道大院胡同|暂无参考均价|1959年建成|平房|暂无信息|无物业管理服务|暂无信息|9栋
羊肉胡同|(西城金融街)羊肉胡同|暂无参考均价|暂无信息|平房|暂无信息|暂无信息|暂无信息|15栋
中廊下胡同|(西城官园)平安里西大街中廊下胡同|暂无参考均价|1955年建成|平房|暂无信息|房管所代管物业|无开发商|15栋
白广路二条4号院|(西城牛街)白广路二条4号院|暂无参考均价|1952年建成|板楼|暂无信息|暂无信息|暂无信息|5栋
雪池胡同|(西城西四)雪池胡同|暂无参考均价|1980年建成|板楼|暂无信息|暂无信息|暂无信息|2栋
里仁街2号院|(西城右安门内)里仁街2号院|暂无参考均价|1980年建成|板楼|0.52元/平米/月|北京育欣兴物业管理中心|无开发商|1栋
四道湾胡同|(西城金融街)四道湾胡同|暂无参考均价|1949年建成|平房|暂无信息|无物业管理服务|暂无信息|5栋
北营房东里13号院|(西城阜成门)北营房东里13号院|暂无参考均价|暂无信息|未知类型|暂无信息|暂无信息|暂无信息|1栋
冰窖口胡同75号院|(西城德胜门)冰窖口胡同75号院|暂无参考均价|暂无信息|板楼|暂无信息|北辰信合物业管理有限公司|北方万坤置业有限公司|3栋
航空胡同|(西城西四)航空胡同|暂无参考均价|1925年建成|板楼/平房|暂无信息|无物业管理服务|无开发商|8栋
安居园小区|(西城陶然亭)东经路6号院|暂无参考均价|1999年建成|板楼/塔板结合|暂无信息|暂无信息|暂无信息|4栋
西绦南巷|(西城六铺炕)西绦南巷|暂无参考均价|2009年建成|未知类型|暂无信息|暂无信息|暂无信息|5栋
西安门北巷|(西城西四)西安门北巷|暂无参考均价|1934年建成|平房|暂无信息|无物业管理服务|无开发公司|3栋
白纸坊北里13号院|(西城白纸坊)白纸坊北里13号院|暂无参考均价|1998年建成|板楼|暂无信息|暂无信息|暂无信息|1栋
培英胡同|(西城宣武门)培英胡同|暂无参考均价|1950年建成|平房|暂无信息|街道办事处（委员会）代管物业|无开发商|9栋
白纸坊西街25号院|(西城右安门内)白纸坊西街25号院|暂无参考均价|1990年建成|板楼|暂无信息|暂无信息|暂无信息|5栋
西四北八条|(西城西四)西四北八条|暂无参考均价|暂无信息|未知类型|暂无信息|暂无信息|暂无信息|10栋
西单上国阙|(西城西单)西单时代广场中组部南300米路东|暂无参考均价|2008年建成|板楼/塔板结合|5.8元/平米/月|北京戴德梁行物业管理有限公司|北京鹏睿房地产开发有限公司|2栋
苇坑胡同|(西城德胜门)苇坑胡同|暂无参考均价|2016年建成|板楼|暂无信息|暂无信息|暂无信息|9栋
府右街|(西城西单)府右街|暂无参考均价|暂无信息|板楼|暂无信息|暂无信息|暂无信息|4栋
二炮大院|(西城月坛)二炮大院|暂无参考均价|2000年建成|塔楼/板楼/塔板结合|暂无信息|暂无信息|暂无信息|8栋
戎辉嘉园|(西城马连道)茶源路18号院|暂无参考均价|2007年建成|塔楼/板楼/塔板结合|暂无信息|暂无信息|暂无信息|7栋
粉子胡同|(西城金融街)粉子胡同|暂无参考均价|1982年建成|板楼/平房|2.5元/平米/月|暂无信息|暂无信息|7栋
成方街|(西城金融街)成方街|暂无参考均价|1982年建成|板楼|暂无信息|暂无信息|暂无信息|1栋
崇效胡同|(西城白纸坊)崇效胡同|暂无参考均价|1991年建成|板楼|暂无信息|暂无信息|暂无信息|2栋
安德里北街乙6号|(西城六铺炕)安德里北街乙6号|暂无参考均价|暂无信息|未知类型|暂无信息|暂无信息|暂无信息|1栋
东口袋胡同|(西城地安门)东口袋胡同|暂无参考均价|1954年建成|平房|暂无信息|无物业管理服务|无开发公司|2栋
朱苇箔胡同|(西城金融街)朱苇箔胡同|暂无参考均价|1970年建成|平房|暂无信息|无物业管理服务|无开发商|4栋
阜成门内大街|(西城官园)阜成门内大街|暂无参考均价|暂无信息|未知类型|暂无信息|暂无信息|暂无信息|29栋
护国寺棉花胡同|(西城西四)护国寺棉花胡同|暂无参考均价|2002年建成|未知类型|暂无信息|暂无信息|暂无信息|20栋
安德路77号院|(西城六铺炕)安德路77号院|暂无参考均价|1979年建成|板楼|暂无信息|暂无信息|暂无信息|2栋
北线阁5号院|(西城长椿街)北线阁5号院|暂无参考均价|2001年建成|塔楼|暂无信息|暂无信息|暂无信息|3栋
感化胡同|(西城长椿街)感化胡同, 感化胡同3号院及3号|暂无参考均价|1978年建成|板楼|暂无信息|暂无信息|暂无信息|5栋
双寺胡同|(西城六铺炕)双寺胡同|暂无参考均价|暂无信息|未知类型|暂无信息|暂无信息|暂无信息|4栋
护国寺大街|(西城西四)护国寺大街|暂无参考均价|2000年建成|板楼|暂无信息|暂无信息|暂无信息|19栋
阜成门外大街34号院|(西城月坛)阜成门外大街34号院|暂无参考均价|暂无信息|板楼|暂无信息|暂无信息|暂无信息|1栋
护国寺东巷|(西城西四)护国寺东巷|暂无参考均价|暂无信息|平房|暂无信息|暂无信息|暂无信息|7栋
大石桥胡同|(西城六铺炕)大石桥胡同|暂无参考均价|暂无信息|平房|暂无信息|暂无信息|暂无信息|10栋
太仆寺街|(西城西单)太仆寺街|暂无参考均价|1965年建成|板楼/平房|1.3元/平米/月|房管所代管物业|无开发公司|7栋
小新开胡同|(西城地安门)小新开胡同|暂无参考均价|暂无信息|未知类型|暂无信息|暂无信息|暂无信息|3栋
光源里四巷|(西城右安门内)光源里四巷|暂无参考均价|1980年建成|板楼|暂无信息|暂无信息|暂无信息|4栋
护国寺西巷|(西城西四)护国寺西巷|暂无参考均价|1982年建成|板楼/平房|暂无信息|暂无信息|暂无信息|7栋
永宁胡同|(西城金融街)永宁胡同|暂无参考均价|1964年建成|平房|暂无信息|无物业管理服务|无开发商|19栋
月坛北街二建宿舍|(西城月坛)月坛北街二建宿舍|暂无参考均价|暂无信息|未知类型|暂无信息|暂无信息|暂无信息|2栋
小院胡同|(西城金融街)小院胡同|暂无参考均价|暂无信息|未知类型|暂无信息|暂无信息|暂无信息|4栋
大红罗厂乙三号|(西城西四)大红罗厂街乙3号|暂无参考均价|暂无信息|未知类型|暂无信息|暂无信息|暂无信息|3栋
半步桥44号院|(西城右安门内)半步桥44号院|暂无参考均价|2011年建成|塔板结合|暂无信息|暂无信息|暂无信息|1栋
铸钟胡同|(西城六铺炕)铸钟胡同|暂无参考均价|1973年建成|平房|暂无信息|无物业管理服务|北京市西城区城市建设开发公司|18栋
西廊下胡同甲二号院|(西城官园)西廊下胡同甲二号院|暂无参考均价|1985年建成|板楼|暂无信息|暂无信息|暂无信息|3栋
四环胡同|(西城德胜门)四环胡同|暂无参考均价|暂无信息|板楼|暂无信息|暂无信息|暂无信息|5栋
前口袋胡同|(西城西四)前口袋胡同|暂无参考均价|暂无信息|未知类型|暂无信息|暂无信息|暂无信息|3栋
石碑胡同|(西城西单)石碑胡同|暂无参考均价|2015年建成|未知类型|暂无信息|暂无信息|暂无信息|7栋
白纸坊胡同|(西城白纸坊)白纸坊胡同|暂无参考均价|1958年建成|板楼|暂无信息|暂无信息|暂无信息|3栋
大觉胡同|(西城官园)大觉胡同|暂无参考均价|暂无信息|板楼|暂无信息|暂无信息|暂无信息|25栋
北长街|(西城西单)北长街|暂无参考均价|暂无信息|未知类型|暂无信息|暂无信息|暂无信息|8栋
大石桥胡同9号|(西城六铺炕)大石桥胡同9号|暂无参考均价|暂无信息|未知类型|暂无信息|暂无信息|暂无信息|2栋
光明胡同|(西城西单)光明胡同|暂无参考均价|1980年建成|板楼|暂无信息|暂无信息|暂无信息|46栋
光源里二巷|(西城右安门内)光源里二巷|暂无参考均价|1978年建成|板楼|暂无信息|暂无信息|暂无信息|1栋
后英子胡同|(西城金融街)后英子胡同|暂无参考均价|暂无信息|未知类型|暂无信息|暂无信息|暂无信息|3栋
民康胡同|(西城金融街)民康胡同|暂无参考均价|暂无信息|未知类型|暂无信息|暂无信息|暂无信息|5栋
东明胡同|(西城地安门)东明胡同|暂无参考均价|暂无信息|未知类型|暂无信息|暂无信息|暂无信息|4栋
东太平街|(西城金融街)东太平街|暂无参考均价|1949年建成|塔板结合|暂无信息|暂无信息|暂无信息|21栋
板桥三条|(西城德胜门)板桥三条|暂无参考均价|暂无信息|平房|暂无信息|暂无信息|暂无信息|6栋
西什库大街76号院|(西城西四)西什库大街76号院|暂无参考均价|暂无信息|未知类型|暂无信息|暂无信息|暂无信息|1栋
后半壁街|(西城官园)后半壁街|暂无参考均价|1960年建成|板楼/平房|暂无信息|无物业管理服务|北京市西城区城市建设开发公司|9栋
爱民三巷|(西城西四)爱民三巷|暂无参考均价|1915年建成|平房|暂无信息|无物业管理服务|无开发公司|13栋
爱民街37号院|(西城西四)爱民街37号院|暂无参考均价|1990年建成|未知类型|暂无信息|暂无信息|暂无信息|3栋
羊肉胡同118号院|(西城金融街)羊肉胡同118号院|暂无参考均价|1990年建成|未知类型|暂无信息|暂无信息|暂无信息|1栋
茅屋胡同|(西城西四)西什库大街茅屋胡同6号|暂无参考均价|暂无信息|未知类型|暂无信息|暂无信息|暂无信息|1栋
碧峰胡同|(西城六铺炕)鼓楼大街|暂无参考均价|暂无信息|平房|暂无信息|暂无信息|暂无信息|4栋
建工学院青年公寓|(西城车公庄)建工学院青年公寓|暂无参考均价|暂无信息|塔板结合|暂无信息|暂无信息|暂无信息|1栋
大红罗厂胡同|(西城西四)大红罗厂街|暂无参考均价|2000年建成|板楼|暂无信息|暂无信息|暂无信息|6栋
小黑虎胡同|(西城六铺炕)小黑虎胡同|暂无参考均价|暂无信息|未知类型|暂无信息|暂无信息|暂无信息|35栋
四根柏胡同|(西城西四)四根柏胡同|暂无参考均价|暂无信息|板楼|暂无信息|暂无信息|暂无信息|16栋
宫门口四条|(西城官园)宫门口四条|暂无参考均价|暂无信息|未知类型|暂无信息|暂无信息|暂无信息|16栋
黑窑厂街20号楼|(西城陶然亭)黑窑厂街20号|暂无参考均价|1979年建成|板楼|暂无信息|暂无信息|暂无信息|1栋
槐柏树街1号院|(西城长椿街)槐柏树街1号院|暂无参考均价|1980年建成|板楼/塔板结合|暂无信息|暂无信息|暂无信息|2栋
粉子胡同7号院|(西城金融街)粉子胡同7号院|暂无参考均价|1980年建成|板楼|暂无信息|暂无信息|暂无信息|2栋
大红罗厂12号院|(西城西四)大红罗厂12号院|暂无参考均价|暂无信息|板楼|暂无信息|暂无信息|暂无信息|1栋
华睦大厦|(西城马连道)马连道南街6号院|暂无参考均价|2003年建成|塔楼|7.8元/平米/月|北京天宇恒业物业管理有限公司|北京华睦房地产开发有限公司|1栋
草岚子胡同1号|(西城西四)草岚子胡同1号|暂无参考均价|1984年建成|板楼|暂无信息|暂无信息|暂无信息|6栋
厂桥胡同|(西城地安门)厂桥胡同|暂无参考均价|暂无信息|未知类型|暂无信息|暂无信息|暂无信息|7栋
宫门口东岔|(西城官园)宫门口东岔|暂无参考均价|1950年建成|平房|暂无信息|无物业管理服务|无开发公司|6栋
建功北里19号院|(西城白纸坊)建功北里19号院|暂无参考均价|1995年建成|板楼|0.5元/平米/月|北京建工物业管理有限公司|北京市宣武区房地产经营开发公司|1栋
宝产胡同|(西城西四)宝产胡同|暂无参考均价|暂无信息|未知类型|暂无信息|暂无信息|暂无信息|10栋
半步桥街13号院|(西城右安门内)半步桥街13号院|暂无参考均价|暂无信息|未知类型|暂无信息|暂无信息|暂无信息|1栋
西什库大街甲76号|(西城西四)西什库大街甲76号|暂无参考均价|暂无信息|未知类型|暂无信息|暂无信息|暂无信息|1栋
车站东街24号|(西城天宁寺)车站东街|暂无参考均价|1980年建成|板楼|暂无信息|无物业管理服务|无开发商|1栋
善果胡同1号院|(西城长椿街)善果胡同1号院|暂无参考均价|1994年建成|板楼|暂无信息|暂无信息|暂无信息|2栋
西黄城根北街9号院|(西城西四)西黄城根北街9号院|暂无参考均价|1984年建成|板楼|暂无信息|暂无信息|暂无信息|1栋
承恩胡同|(西城金融街)承恩胡同|暂无参考均价|暂无信息|未知类型|暂无信息|暂无信息|暂无信息|7栋
姚家井二巷19号院|(西城陶然亭)姚家井二巷19号院|暂无参考均价|2000年建成|板楼|暂无信息|暂无信息|暂无信息|1栋
南礼士路二条|(西城月坛)南礼士路二条|暂无参考均价|暂无信息|板楼|暂无信息|暂无信息|暂无信息|1栋
中兴苑|(西城天宁寺)北苑一丙号东院|暂无参考均价|2011年建成|塔板结合|暂无信息|暂无信息|暂无信息|3栋
东枪厂胡同|(西城西四)东枪厂胡同|暂无参考均价|1934年建成|平房|暂无信息|无物业管理服务|无开发商|3栋
大帽胡同|(西城西四)大帽胡同|暂无参考均价|暂无信息|未知类型|暂无信息|暂无信息|暂无信息|17栋
后海南沿|(西城地安门)后海南沿|暂无参考均价|1980年建成|板楼|暂无信息|暂无信息|暂无信息|9栋
东廊下胡同|(西城官园)东廊下胡同|暂无参考均价|1984年建成|板楼|暂无信息|暂无信息|暂无信息|24栋
爱民街2号院|(西城西四)爱民街2号院|暂无参考均价|1990年建成|板楼/塔板结合|暂无信息|暂无信息|暂无信息|7栋
汾州胡同|(西城宣武门)汾州胡同|暂无参考均价|暂无信息|未知类型|暂无信息|暂无信息|暂无信息|1栋
广外南街65号|(西城天宁寺)广外南街65号|暂无参考均价|暂无信息|未知类型|暂无信息|暂无信息|暂无信息|1栋
宫门口西岔|(西城官园)宫门口西岔|暂无参考均价|暂无信息|未知类型|暂无信息|暂无信息|暂无信息|9栋
白云观街8号院|(西城木樨地)白云观街8号院|暂无参考均价|1980年建成|板楼|暂无信息|暂无信息|暂无信息|2栋
西黄城根北街甲9号院|(西城西四)西黄城根北街甲9号院|暂无参考均价|1975年建成|未知类型|暂无信息|暂无信息|暂无信息|1栋
车站东街22号|(西城天宁寺)车站东街22号|暂无参考均价|暂无信息|未知类型|暂无信息|暂无信息|暂无信息|1栋
赵登禹路|(西城西四)赵登禹路|暂无参考均价|2000年建成|未知类型|暂无信息|暂无信息|暂无信息|38栋
鸦儿胡同|(西城六铺炕)鸦儿胡同|暂无参考均价|暂无信息|未知类型|暂无信息|暂无信息|暂无信息|50栋
西四八条|(西城西四)金融街街道西四八条|暂无参考均价|1959年建成|平房|暂无信息|无物业管理服务|暂无信息|57栋
平安里西大街|(西城阜成门)平安里西大街|暂无参考均价|暂无信息|未知类型|暂无信息|暂无信息|暂无信息|1栋
石猴街|(西城宣武门)石猴街|暂无参考均价|暂无信息|未知类型|暂无信息|暂无信息|暂无信息|3栋
三道栅栏胡同|(西城金融街)三道栅栏胡同|暂无参考均价|1988年建成|板楼|暂无信息|暂无信息|暂无信息|5栋
闹市口中街|(西城金融街)闹市口中街|暂无参考均价|暂无信息|未知类型|暂无信息|暂无信息|暂无信息|4栋
景山前街|(西城西单)景山前街|暂无参考均价|暂无信息|板楼|暂无信息|暂无信息|暂无信息|4栋
后海北沿|(西城六铺炕)后海北沿|暂无参考均价|暂无信息|平房|暂无信息|暂无信息|暂无信息|22栋
金丝胡同|(西城西四)金丝胡同|暂无参考均价|暂无信息|未知类型|暂无信息|暂无信息|暂无信息|19栋
旧鼓楼大街|(西城六铺炕)旧鼓楼大街|暂无参考均价|2008年建成|平房|暂无信息|暂无信息|暂无信息|20栋
光源里一巷|(西城右安门内)光源里一巷|暂无参考均价|1984年建成|板楼|暂无信息|暂无信息|暂无信息|1栋
东槐里胡同|(西城西单)东槐里胡同|暂无参考均价|暂无信息|板楼|暂无信息|暂无信息|暂无信息|1栋
板桥头条|(西城德胜门)板条头条|暂无参考均价|1980年建成|平房|暂无信息|暂无信息|暂无信息|7栋
西直门内大街170号院|(西城官园)西直门内大街170号|暂无参考均价|暂无信息|未知类型|暂无信息|暂无信息|暂无信息|1栋
前桃园胡同甲1号|(西城西直门)前桃园胡同甲1号|暂无参考均价|暂无信息|未知类型|暂无信息|暂无信息|暂无信息|1栋
校场口小九条|(西城宣武门)校场小九条|暂无参考均价|暂无信息|未知类型|暂无信息|暂无信息|暂无信息|4栋
莲花河南里|(西城广安门)莲花河胡同莲花河南里|暂无参考均价|1970年建成|塔板结合|暂无信息|无物业管理服务|暂无信息|1栋
鸭子桥路41号院|(西城菜户营)鸭子桥路41号院|暂无参考均价|暂无信息|未知类型|暂无信息|暂无信息|暂无信息|1栋
西黄城根南街43号院|(西城西单)西黄城根南街43号院|暂无参考均价|暂无信息|未知类型|暂无信息|暂无信息|暂无信息|1栋
簸箩仓|(西城西四)簸箩仓41号|暂无参考均价|暂无信息|未知类型|暂无信息|暂无信息|暂无信息|6栋
西黄城根北街23号|(西城西四)西黄城根北街23号|暂无参考均价|1988年建成|板楼|暂无信息|暂无信息|暂无信息|2栋
定阜街16号院|(西城地安门)定阜街16号院|暂无参考均价|暂无信息|未知类型|暂无信息|暂无信息|暂无信息|2栋
排子胡同|(西城宣武门)排子胡同|暂无参考均价|暂无信息|板楼|暂无信息|暂无信息|暂无信息|8栋
前马厂胡同60号院|(西城六铺炕)前马厂胡同60号院|暂无参考均价|1985年建成|板楼|暂无信息|暂无信息|暂无信息|1栋
石灯胡同|(西城金融街)石灯胡同|暂无参考均价|1968年建成|平房|暂无信息|无物业管理服务|无开发商|6栋
大红罗厂1号院|(西城西四)大红罗厂1号院|暂无参考均价|暂无信息|板楼|暂无信息|暂无信息|暂无信息|1栋
西直门南小街70号院|(西城官园)西直门南小街70号院|暂无参考均价|暂无信息|未知类型|暂无信息|暂无信息|暂无信息|1栋
南礼士路甲44号|(西城月坛)南礼士路甲44号|暂无参考均价|暂无信息|板楼|暂无信息|暂无信息|暂无信息|1栋
大翔凤胡同|(西城地安门)大翔凤胡同|暂无参考均价|1904年建成|平房|暂无信息|无物业管理服务|无开发公司|27栋
后罗圈胡同|(西城西四)后罗圈胡同|暂无参考均价|暂无信息|未知类型|暂无信息|暂无信息|暂无信息|7栋
新外大街6号院内平房|(西城马甸)新街口外大街6号院内平房|暂无参考均价|1980年建成|平房|1.2元/平米/月|单位自管物业|北京中影房地产开发有限公司|3栋
后公用胡同|(西城西四)后公用胡同|暂无参考均价|暂无信息|未知类型|暂无信息|暂无信息|暂无信息|10栋
东文昌胡同|(西城西单)东文昌胡同|暂无参考均价|1960年建成|平房|暂无信息|无物业管理服务|无开发商|10栋
宫门口头条|(西城官园)宫门口头条|暂无参考均价|暂无信息|平房|暂无信息|暂无信息|暂无信息|25栋
背阴胡同37号院|(西城西单)背阴胡同37号院|暂无参考均价|1996年建成|板楼|暂无信息|暂无信息|暂无信息|4栋
定阜街|(西城地安门)定阜街|暂无参考均价|暂无信息|未知类型|暂无信息|暂无信息|暂无信息|6栋
蔡家楼胡同|(西城陶然亭)蔡家楼胡同|暂无参考均价|暂无信息|未知类型|暂无信息|暂无信息|暂无信息|19栋
崇善里胡同|(西城西单)崇善里胡同|暂无参考均价|1980年建成|平房|暂无信息|房管所代管物业|无开发商|13栋
颁赏胡同|(西城西单)颁赏胡同|暂无参考均价|暂无信息|未知类型|暂无信息|暂无信息|暂无信息|8栋
白广路1号院|(西城白纸坊)白广路1号院|暂无参考均价|1988年建成|板楼|暂无信息|暂无信息|暂无信息|3栋
东牛角胡同|(西城西单)东牛角胡同|暂无参考均价|暂无信息|未知类型|暂无信息|暂无信息|暂无信息|2栋
百万庄丙23|(西城阜成门)百万庄丙23号|暂无参考均价|暂无信息|板楼|暂无信息|暂无信息|暂无信息|1栋
新兴西巷|(西城西直门)新兴西巷|暂无参考均价|暂无信息|未知类型|暂无信息|暂无信息|暂无信息|1栋
后车胡同|(西城西四)后车胡同|暂无参考均价|暂无信息|未知类型|暂无信息|暂无信息|暂无信息|2栋
新街口北大街|(西城德胜门)新街口北大街|暂无参考均价|暂无信息|板楼|暂无信息|暂无信息|暂无信息|7栋
西四北四条|(西城西四)西四北四条|暂无参考均价|1985年建成|板楼|暂无信息|暂无信息|暂无信息|8栋
地安门西大街181号|(西城西四)地安门西大街181号|暂无参考均价|2000年建成|板楼|暂无信息|暂无信息|暂无信息|3栋
双槐里25号院|(西城牛街)双槐里25号院|暂无参考均价|暂无信息|板楼|暂无信息|暂无信息|暂无信息|1栋
弘善胡同|(西城地安门)弘善胡同|暂无参考均价|暂无信息|未知类型|暂无信息|暂无信息|暂无信息|45栋
和平门外西里|(西城宣武门)和平门外西里|暂无参考均价|2000年建成|板楼|暂无信息|暂无信息|暂无信息|5栋
光源里五巷|(西城右安门内)光源里五巷|暂无参考均价|1974年建成|板楼|暂无信息|暂无信息|暂无信息|3栋
华德商都|(西城阜成门)百万庄大街41号|暂无参考均价|暂无信息|板楼|暂无信息|暂无信息|暂无信息|1栋
菜园街|(西城白纸坊)菜园街1号|暂无参考均价|1983年建成|板楼|暂无信息|暂无信息|暂无信息|4栋
北帽胡同|(西城西四)北帽胡同|暂无参考均价|暂无信息|未知类型|暂无信息|暂无信息|暂无信息|16栋
恭俭胡同|(西城西四)恭俭胡同|暂无参考均价|暂无信息|未知类型|暂无信息|暂无信息|暂无信息|11栋
抄手胡同|(西城金融街)抄手胡同20号|暂无参考均价|1978年建成|平房|暂无信息|无物业管理服务|无开发商|9栋
爱民巷|(西城西四)爱民巷|暂无参考均价|暂无信息|板楼|暂无信息|暂无信息|暂无信息|2栋
东福寿里|(西城地安门)东福寿里|暂无参考均价|暂无信息|未知类型|暂无信息|暂无信息|暂无信息|4栋
小酱坊胡同|(西城西单)小酱坊胡同|暂无参考均价|暂无信息|未知类型|暂无信息|暂无信息|暂无信息|8栋
八步口胡同|(西城六铺炕)八步口胡同|暂无参考均价|暂无信息|未知类型|暂无信息|暂无信息|暂无信息|3栋
复兴门内大街45号|(西城金融街)复兴门内大街45号|暂无参考均价|暂无信息|未知类型|暂无信息|暂无信息|暂无信息|1栋
中兴巷|(西城右安门内)白纸坊|暂无参考均价|1985年建成|板楼|暂无信息|暂无信息|暂无信息|2栋
双柳树四条|(西城陶然亭)双柳树四条|暂无参考均价|暂无信息|平房|暂无信息|暂无信息|暂无信息|1栋
盆儿胡同|(西城右安门内)盆儿胡同|暂无参考均价|暂无信息|未知类型|暂无信息|暂无信息|暂无信息|1栋
东椿树胡同|(西城宣武门)东椿树胡同|暂无参考均价|1955年建成|平房|暂无信息|无物业管理服务|无开发商|6栋
育教胡同|(西城官园)育教胡同|暂无参考均价|暂无信息|未知类型|暂无信息|暂无信息|暂无信息|3栋
振兴巷|(西城金融街)振兴巷|暂无参考均价|暂无信息|未知类型|暂无信息|暂无信息|暂无信息|3栋
西交民巷|(西城西单)西交民巷|暂无参考均价|1990年建成|塔楼/板楼|暂无信息|暂无信息|暂无信息|13栋
义达里胡同|(西城西单)义达里胡同|暂无参考均价|暂无信息|未知类型|暂无信息|暂无信息|暂无信息|14栋
西四北头条|(西城西四)西四北头条|暂无参考均价|暂无信息|未知类型|暂无信息|暂无信息|暂无信息|9栋
百万庄野外楼|(西城阜成门)百万庄野外楼|暂无参考均价|1993年建成|板楼|暂无信息|暂无信息|暂无信息|1栋
新街口七条13号|(西城新街口)新街口七条13号|暂无参考均价|1969年建成|板楼|暂无信息|暂无信息|暂无信息|1栋
陶然亭路13号院|(西城陶然亭)陶然亭路13号院|暂无参考均价|2008年建成|板楼|暂无信息|暂无信息|暂无信息|1栋
铜光胡同|(西城金融街)南闹市口铜光胡同|暂无参考均价|暂无信息|未知类型|暂无信息|暂无信息|暂无信息|1栋
人民大会堂职工宿舍|(西城马连道)红莲路69号院|暂无参考均价|2000年建成|塔板结合|暂无信息|暂无信息|暂无信息|2栋
粉子胡同9号院|(西城金融街)粉子胡同9号院|暂无参考均价|暂无信息|未知类型|暂无信息|暂无信息|暂无信息|2栋
大新开胡同|(西城地安门)大新开胡同|暂无参考均价|暂无信息|未知类型|暂无信息|暂无信息|暂无信息|2栋
大金丝胡同|(西城地安门)大金丝|暂无参考均价|暂无信息|未知类型|暂无信息|暂无信息|暂无信息|7栋
教场口5号院|(西城六铺炕)教场口5号院|暂无参考均价|暂无信息|平房|暂无信息|暂无信息|暂无信息|1栋
广外南街49号|(西城天宁寺)广安门外南街|暂无参考均价|暂无信息|平房|暂无信息|无物业管理服务|无开发商|1栋
七井胡同|(西城牛街)七井胡同|暂无参考均价|1949年建成|板楼|暂无信息|暂无信息|暂无信息|12栋
羊肉胡同27号|(西城金融街)羊肉胡同27号|暂无参考均价|暂无信息|未知类型|暂无信息|暂无信息|暂无信息|2栋
园宏胡同|(西城金融街)园宏胡同|暂无参考均价|暂无信息|未知类型|暂无信息|暂无信息|暂无信息|6栋
西直门内大街丙170|(西城官园)西直门内大街丙170号楼|暂无参考均价|2000年建成|塔楼|暂无信息|暂无信息|暂无信息|1栋
延年胡同|(西城地安门)延年胡同|暂无参考均价|暂无信息|未知类型|暂无信息|暂无信息|暂无信息|45栋
西四四条|(西城西四)西四四条|暂无参考均价|暂无信息|未知类型|暂无信息|暂无信息|暂无信息|57栋
裕中东里平房|(西城马甸)裕中东里6号|暂无参考均价|1985年建成|板楼|暂无信息|暂无信息|暂无信息|3栋
中帽胡同|(西城西四)中帽胡同|暂无参考均价|暂无信息|未知类型|暂无信息|暂无信息|暂无信息|10栋
西四六条|(西城西四)新街口街道西四六条|暂无参考均价|1959年建成|平房|暂无信息|无物业管理服务|暂无信息|58栋
西楼巷胡同|(西城西四)西楼巷胡同|暂无参考均价|暂无信息|平房|暂无信息|暂无信息|暂无信息|14栋
青塔胡同|(西城官园)青塔胡同|暂无参考均价|暂无信息|未知类型|暂无信息|暂无信息|暂无信息|12栋
藕芽胡同|(西城西四)藕芽胡同|暂无参考均价|1934年建成|平房|暂无信息|无物业管理服务|无开发公司|4栋
南官房胡同|(西城地安门)南官房胡同|暂无参考均价|暂无信息|未知类型|暂无信息|暂无信息|暂无信息|61栋
小口袋胡同|(西城金融街)小口袋胡同|暂无参考均价|暂无信息|未知类型|暂无信息|暂无信息|暂无信息|3栋
里仁街|(西城右安门内)里仁街|暂无参考均价|暂无信息|板楼|暂无信息|暂无信息|暂无信息|2栋
前百户胡同|(西城金融街)前百户胡同|暂无参考均价|暂无信息|未知类型|暂无信息|暂无信息|暂无信息|2栋
天仙胡同|(西城金融街)天仙胡同|暂无参考均价|暂无信息|平房|暂无信息|暂无信息|暂无信息|7栋
乐培园|(西城长椿街)报国寺乐培园|暂无参考均价|暂无信息|未知类型|暂无信息|暂无信息|暂无信息|1栋
六合胡同|(西城西四)六合胡同|暂无参考均价|暂无信息|未知类型|暂无信息|暂无信息|暂无信息|6栋
西直门内大街31号院|(西城新街口)西直门内大街31号院|暂无参考均价|暂无信息|未知类型|暂无信息|暂无信息|暂无信息|1栋
前公用胡同|(西城西四)前公用胡同|暂无参考均价|暂无信息|未知类型|暂无信息|暂无信息|暂无信息|13栋
东新帘子胡同|(西城西单)东新帘子胡同|暂无参考均价|1974年建成|平房|暂无信息|无物业管理服务|无开发商|9栋
南文昌胡同|(西城西单)南文昌胡同|暂无参考均价|暂无信息|未知类型|暂无信息|暂无信息|暂无信息|9栋
南横东街|(西城陶然亭)南横东街|暂无参考均价|暂无信息|未知类型|暂无信息|暂无信息|暂无信息|5栋
景山西街|(西城西四)景山西街|暂无参考均价|暂无信息|未知类型|暂无信息|暂无信息|暂无信息|15栋
刘家胡同|(西城宣武门)刘家胡同|暂无参考均价|暂无信息|未知类型|暂无信息|暂无信息|暂无信息|4栋
东智义胡同|(西城金融街)东智义胡同|暂无参考均价|暂无信息|未知类型|暂无信息|暂无信息|暂无信息|8栋
刘海胡同|(西城地安门)刘海胡同|暂无参考均价|暂无信息|未知类型|暂无信息|暂无信息|暂无信息|28栋
东松树胡同|(西城西单)东松树胡同|暂无参考均价|暂无信息|板楼|暂无信息|暂无信息|暂无信息|8栋
核桃园南里平房|(西城长椿街)核桃园南里平房|暂无参考均价|暂无信息|平房|暂无信息|暂无信息|暂无信息|2栋
东煤厂胡同|(西城地安门)东煤厂胡同|暂无参考均价|暂无信息|未知类型|暂无信息|暂无信息|暂无信息|5栋
宫门口三条|(西城官园)宫门口三条|暂无参考均价|暂无信息|未知类型|暂无信息|暂无信息|暂无信息|12栋
横二条|(西城西单)横二条1号|暂无参考均价|1990年建成|板楼|暂无信息|暂无信息|暂无信息|9栋
广安门北街10号院|(西城长椿街)广安门北街10号院|暂无参考均价|暂无信息|板楼|暂无信息|暂无信息|暂无信息|1栋
东官房胡同|(西城地安门)东官房胡同|暂无参考均价|暂无信息|未知类型|暂无信息|暂无信息|暂无信息|21栋
北官房胡同|(西城地安门)北官房胡同|暂无参考均价|暂无信息|未知类型|暂无信息|暂无信息|暂无信息|37栋
金家大院|(西城西四)金家大院|暂无参考均价|暂无信息|未知类型|暂无信息|暂无信息|暂无信息|5栋
八宝胡同|(西城西单)八宝胡同|暂无参考均价|暂无信息|未知类型|暂无信息|暂无信息|暂无信息|3栋
白塔寺前抄手胡同|(西城官园)白塔寺前抄手胡同|暂无参考均价|2016年建成|未知类型|暂无信息|暂无信息|暂无信息|20栋
背阴胡同|(西城西单)背阴胡同|暂无参考均价|暂无信息|板楼|暂无信息|暂无信息|暂无信息|7栋
金奖胡同|(西城地安门)金奖胡同|暂无参考均价|暂无信息|未知类型|暂无信息|暂无信息|暂无信息|18栋
康侯商务会馆|(西城月坛)月坛西街5号|暂无参考均价|暂无信息|板楼|暂无信息|暂无信息|暂无信息|1栋
大六部口街31号|(西城西单)大六部口街31号|暂无参考均价|暂无信息|未知类型|暂无信息|暂无信息|暂无信息|1栋
爱民二巷|(西城西四)北京市西城区爱民街二巷|暂无参考均价|暂无信息|平房|暂无信息|暂无信息|暂无信息|2栋
白云观南里9号|(西城木樨地)白云观南里9号|暂无参考均价|暂无信息|板楼|暂无信息|暂无信息|暂无信息|1栋
德外大街79号|(西城德胜门)德外大街79号|暂无参考均价|暂无信息|未知类型|暂无信息|暂无信息|暂无信息|1栋
前荷包胡同1号|(西城西四)前荷包胡同1号|暂无参考均价|暂无信息|未知类型|暂无信息|暂无信息|暂无信息|1栋
南半截胡同25号院|(西城牛街)南半截胡同25号院|暂无参考均价|暂无信息|未知类型|暂无信息|暂无信息|暂无信息|1栋
后半壁街44号院|(西城官园)后半壁街44号院|暂无参考均价|暂无信息|未知类型|暂无信息|暂无信息|暂无信息|2栋
东经路21号院|(西城陶然亭)东经路21号|暂无参考均价|暂无信息|未知类型|暂无信息|街道办事处（委员会）代管物业|北京市宣武区城市建设综合开发总公司|1栋
浦州巷|(西城官园)浦州巷|暂无参考均价|1950年建成|平房|暂无信息|无物业管理服务|无开发商|4栋
护国寺西巷1号院|(西城西四)护国寺西巷1号院南房|暂无参考均价|暂无信息|未知类型|暂无信息|暂无信息|暂无信息|1栋
铁路小区|(西城西直门)铁路小区|暂无参考均价|1998年建成|塔板结合|暂无信息|暂无信息|暂无信息|2栋
东中胡同|(西城西单)东中胡同|暂无参考均价|1990年建成|未知类型|暂无信息|无物业管理服务|无开发公司|12栋
西智义胡同|(西城金融街)西智义胡同|暂无参考均价|暂无信息|未知类型|暂无信息|暂无信息|暂无信息|2栋
小六部口|(西城西单)小六部口|暂无参考均价|暂无信息|未知类型|暂无信息|暂无信息|暂无信息|7栋
小珠帘胡同|(西城金融街)小珠帘胡同|暂无参考均价|暂无信息|未知类型|暂无信息|暂无信息|暂无信息|2栋
新建胡同|(西城西单)新建胡同|暂无参考均价|暂无信息|未知类型|暂无信息|暂无信息|暂无信息|3栋
西海西沿|(西城德胜门)西海西沿|暂无参考均价|暂无信息|未知类型|暂无信息|暂无信息|暂无信息|5栋
小绒线胡同|(西城西四)小绒线胡同|暂无参考均价|暂无信息|未知类型|暂无信息|暂无信息|暂无信息|5栋
清秀巷|(西城地安门)清秀巷|暂无参考均价|暂无信息|未知类型|暂无信息|暂无信息|暂无信息|2栋
正觉夹道胡同|(西城西四)正觉夹道胡同|暂无参考均价|1980年建成|板楼|暂无信息|暂无信息|暂无信息|8栋
庄胜写字楼|(西城宣武门)香炉营头条|暂无参考均价|1997年建成|塔楼|24元/平米/月|北京庄胜物业管理有限公司|北京庄胜房地产开发有限公司|3栋
宣武门西大街平房|(西城长椿街)宣武门西大街平房|暂无参考均价|暂无信息|未知类型|暂无信息|暂无信息|暂无信息|10栋
西什库平房|(西城西四)西什库平房|暂无参考均价|暂无信息|平房|暂无信息|暂无信息|暂无信息|1栋
东旧帘子胡同|(西城西单)东旧帘子胡同|暂无参考均价|暂无信息|未知类型|暂无信息|暂无信息|暂无信息|5栋
永祥胡同|(西城官园)永祥胡同|暂无参考均价|暂无信息|未知类型|暂无信息|暂无信息|暂无信息|9栋
西四三条|(西城西四)西四三条|暂无参考均价|1970年建成|板楼/平房|暂无信息|无物业管理服务|暂无信息|19栋
西四北大街228号|(西城西四)西四北大街228号|暂无参考均价|暂无信息|塔楼|暂无信息|暂无信息|暂无信息|2栋
西廊下胡同|(西城官园)西廊下胡同|暂无参考均价|暂无信息|未知类型|暂无信息|暂无信息|暂无信息|15栋
小半截胡同|(西城德胜门)小半截胡同|暂无参考均价|1980年建成|未知类型|暂无信息|暂无信息|暂无信息|7栋
太平湖东里|(西城金融街)太平湖东里|暂无参考均价|暂无信息|未知类型|暂无信息|暂无信息|暂无信息|1栋
铁炉胡同|(西城德胜门)铁炉胡同|暂无参考均价|暂无信息|未知类型|暂无信息|暂无信息|暂无信息|2栋
炭儿胡同|(西城宣武门)炭儿胡同|暂无参考均价|暂无信息|未知类型|暂无信息|暂无信息|暂无信息|4栋
小茶叶胡同|(西城官园)小茶叶胡同|暂无参考均价|暂无信息|未知类型|暂无信息|暂无信息|暂无信息|12栋
王府仓胡同10号院|(西城金融街)王府仓胡同10号院|暂无参考均价|1995年建成|板楼|暂无信息|暂无信息|暂无信息|5栋
三座桥胡同|(西城地安门)三座桥胡同|暂无参考均价|暂无信息|未知类型|暂无信息|暂无信息|暂无信息|11栋
后小井胡同|(西城地安门)后小井胡同|暂无参考均价|暂无信息|未知类型|暂无信息|暂无信息|暂无信息|2栋
后海前街|(西城地安门)后海前街甲22号|暂无参考均价|暂无信息|未知类型|暂无信息|暂无信息|暂无信息|1栋
后细瓦厂胡同|(西城西单)后细瓦厂胡同|暂无参考均价|暂无信息|未知类型|暂无信息|暂无信息|暂无信息|13栋
护国寺大街7号院|(西城西四)护国寺大街7号院|暂无参考均价|暂无信息|未知类型|暂无信息|暂无信息|暂无信息|1栋
弓字胡同|(西城宣武门)弓字胡同|暂无参考均价|暂无信息|未知类型|暂无信息|暂无信息|暂无信息|3栋
宏大胡同|(西城官园)宏大胡同|暂无参考均价|暂无信息|未知类型|暂无信息|暂无信息|暂无信息|8栋
感化胡同1号院平房|(西城长椿街)感化胡同1号院平房|暂无参考均价|暂无信息|未知类型|暂无信息|暂无信息|暂无信息|1栋
广义街|(西城长椿街)广义街|暂无参考均价|暂无信息|板楼|暂无信息|暂无信息|暂无信息|3栋
法源寺后街|(西城牛街)法源寺后街|暂无参考均价|暂无信息|未知类型|暂无信息|暂无信息|暂无信息|3栋
福绥境胡同|(西城官园)福绥境|暂无参考均价|暂无信息|未知类型|暂无信息|暂无信息|暂无信息|14栋
宫门口五条|(西城官园)宫门口五条|暂无参考均价|暂无信息|平房|暂无信息|暂无信息|暂无信息|14栋
大茶叶胡同|(西城官园)大茶叶胡同|暂无参考均价|暂无信息|未知类型|暂无信息|暂无信息|暂无信息|5栋
白广路东里5号院|(西城白纸坊)白广路东里5号院|暂无参考均价|1995年建成|板楼|暂无信息|暂无信息|暂无信息|1栋
北钱串胡同|(西城地安门)北钱串胡同|暂无参考均价|暂无信息|未知类型|暂无信息|暂无信息|暂无信息|8栋
北新华街|(西城西单)北新华街|暂无参考均价|暂无信息|未知类型|暂无信息|暂无信息|暂无信息|84栋
百顺胡同|(西城宣武门)百顺胡同|暂无参考均价|暂无信息|未知类型|暂无信息|暂无信息|暂无信息|7栋
白米斜街|(西城地安门)白米斜街|暂无参考均价|暂无信息|未知类型|暂无信息|暂无信息|暂无信息|45栋
报国寺西夹道平房|(西城长椿街)报国寺西夹道平房|暂无参考均价|暂无信息|未知类型|暂无信息|暂无信息|暂无信息|19栋
菜市口|(西城牛街)菜市口|暂无参考均价|暂无信息|未知类型|暂无信息|暂无信息|暂无信息|2栋
报国寺西夹道|(西城长椿街)报国寺西夹道|暂无参考均价|暂无信息|板楼|暂无信息|暂无信息|暂无信息|3栋
千竿胡同|(西城地安门)千竿胡同|暂无参考均价|暂无信息|平房|暂无信息|暂无信息|暂无信息|1栋
月台胡同125号|(西城金融街)月台胡同125号|暂无参考均价|暂无信息|未知类型|暂无信息|暂无信息|暂无信息|1栋
迁善居胡同|(西城六铺炕)迁善居胡同|暂无参考均价|暂无信息|未知类型|暂无信息|暂无信息|暂无信息|1栋
右安后巷胡同|(西城右安门内)右安后巷胡同|暂无参考均价|暂无信息|未知类型|暂无信息|暂无信息|暂无信息|1栋
五福里|(西城地安门)五福里|暂无参考均价|暂无信息|未知类型|暂无信息|暂无信息|暂无信息|1栋
言志胡同|(西城西单)言志胡同|暂无参考均价|暂无信息|未知类型|暂无信息|暂无信息|暂无信息|1栋
大红罗厂丙2号|(西城西四)大红罗厂丙2号|暂无参考均价|暂无信息|未知类型|暂无信息|暂无信息|暂无信息|1栋
毡子胡同|(西城地安门)毡子胡同|暂无参考均价|暂无信息|未知类型|暂无信息|暂无信息|暂无信息|3栋
草场胡同|(西城新街口)草场胡同|暂无参考均价|暂无信息|未知类型|暂无信息|暂无信息|暂无信息|3栋
西煤厂胡同|(西城地安门)西煤厂胡同|暂无参考均价|暂无信息|未知类型|暂无信息|暂无信息|暂无信息|1栋
前罗圈胡同|(西城西四)前罗圈胡同|暂无参考均价|暂无信息|未知类型|暂无信息|暂无信息|暂无信息|4栋
马相胡同|(西城西直门)马相胡同|暂无参考均价|暂无信息|未知类型|暂无信息|暂无信息|暂无信息|2栋
众益胡同|(西城金融街)众益胡同|暂无参考均价|暂无信息|未知类型|暂无信息|暂无信息|暂无信息|7栋
右安门内西街甲10号院平房|(西城右安门内)右内西街甲10号院平房|暂无参考均价|暂无信息|未知类型|暂无信息|暂无信息|暂无信息|5栋
亚泰中心|(西城牛街)平原里21号楼|暂无参考均价|2007年建成|塔楼|2.38元/平米/月|北京乾江物业有限责任公司|北京房开置业股份有限公司|3栋
棕树斜街|(西城宣武门)棕树斜街|暂无参考均价|暂无信息|未知类型|暂无信息|暂无信息|暂无信息|14栋
燕家胡同|(西城宣武门)燕家胡同|暂无参考均价|暂无信息|未知类型|暂无信息|暂无信息|暂无信息|6栋
枣林前街平房|(西城白纸坊)枣林前街平房|暂无参考均价|暂无信息|平房|暂无信息|暂无信息|暂无信息|2栋
银锭桥胡同|(西城地安门)银锭桥胡同|暂无参考均价|暂无信息|未知类型|暂无信息|暂无信息|暂无信息|6栋
小堂胡同|(西城西单)小堂胡同|暂无参考均价|暂无信息|未知类型|暂无信息|暂无信息|暂无信息|4栋
兴盛胡同|(西城金融街)兴盛胡同|暂无参考均价|暂无信息|未知类型|暂无信息|暂无信息|暂无信息|4栋
西枪厂胡同|(西城西四)西枪厂胡同|暂无参考均价|1925年建成|平房|暂无信息|无物业管理服务|无开发公司|4栋
西四南大街|(西城金融街)西四南大街|暂无参考均价|暂无信息|未知类型|暂无信息|暂无信息|暂无信息|15栋
文津街11号院|(西城西四)文津街11号院|暂无参考均价|暂无信息|板楼|暂无信息|暂无信息|暂无信息|1栋
文津街9号院|(西城西四)文津街9号院|暂无参考均价|暂无信息|板楼|暂无信息|暂无信息|暂无信息|2栋
小金丝胡同|(西城地安门)小金丝胡同|暂无参考均价|暂无信息|未知类型|暂无信息|暂无信息|暂无信息|3栋
太平街西巷|(西城陶然亭)太平街西巷|暂无参考均价|暂无信息|未知类型|暂无信息|暂无信息|暂无信息|1栋
西口袋胡同|(西城地安门)西口袋胡同|暂无参考均价|暂无信息|未知类型|暂无信息|暂无信息|暂无信息|6栋
陶然亭14号院|(西城陶然亭)陶然亭14号院|暂无参考均价|1983年建成|板楼|暂无信息|暂无信息|暂无信息|1栋
善果胡同10号院|(西城长椿街)善果胡同10号院|暂无参考均价|暂无信息|板楼|暂无信息|暂无信息|暂无信息|1栋
佘家胡同|(西城宣武门)佘家胡同|暂无参考均价|暂无信息|未知类型|暂无信息|暂无信息|暂无信息|10栋
前铁匠胡同|(西城西四)前铁匠胡同|暂无参考均价|暂无信息|未知类型|暂无信息|暂无信息|暂无信息|6栋
地安门外大街|(西城地安门)地安门外大街|暂无参考均价|暂无信息|板楼|暂无信息|暂无信息|暂无信息|8栋
群力胡同|(西城西四)群力胡同|暂无参考均价|暂无信息|未知类型|暂无信息|暂无信息|暂无信息|2栋
空军干休所|(西城六铺炕)黄寺大街乙22号院|暂无参考均价|1990年建成|板楼|暂无信息|暂无信息|暂无信息|2栋
菜园北里平房|(西城牛街)菜园北里平房|暂无参考均价|暂无信息|未知类型|暂无信息|暂无信息|暂无信息|5栋
大安胡同|(西城官园)大安胡同|暂无参考均价|暂无信息|未知类型|暂无信息|暂无信息|暂无信息|2栋
长椿街平房|(西城长椿街)长椿街平房|暂无参考均价|暂无信息|未知类型|暂无信息|暂无信息|暂无信息|5栋
百花深处胡同|(西城西四)百花深处胡同|暂无参考均价|暂无信息|未知类型|暂无信息|暂无信息|暂无信息|2栋
博学胡同|(西城西单)博学胡同|暂无参考均价|暂无信息|未知类型|暂无信息|暂无信息|暂无信息|41栋
白纸坊南里平房|(西城白纸坊)白纸坊南里平房|暂无参考均价|暂无信息|未知类型|暂无信息|暂无信息|暂无信息|3栋
北纬路平房|(西城陶然亭)北纬路平房|暂无参考均价|1955年建成|平房|暂无信息|无物业管理服务|无开发公司|14栋
安平巷|(西城官园)安平巷|暂无参考均价|1970年建成|未知类型|暂无信息|暂无信息|暂无信息|24栋
兵部洼胡同|(西城西单)兵部洼胡同|暂无参考均价|暂无信息|未知类型|暂无信息|暂无信息|暂无信息|34栋
合子胡同|(西城西四)合子胡同|暂无参考均价|暂无信息|未知类型|暂无信息|暂无信息|暂无信息|2栋
羊角灯胡同|(西城地安门)羊角灯胡同|暂无参考均价|暂无信息|未知类型|暂无信息|暂无信息|暂无信息|2栋
前门西后河沿街|(西城崇文门)前门西后河沿街|暂无参考均价|暂无信息|平房|暂无信息|暂无信息|暂无信息|3栋
铁影壁胡同|(西城六铺炕)铁影壁胡同|暂无参考均价|暂无信息|未知类型|暂无信息|暂无信息|暂无信息|4栋
大半截胡同|(西城德胜门)大半截胡同|暂无参考均价|暂无信息|未知类型|暂无信息|暂无信息|暂无信息|2栋
西四北二条|(西城西四)西四北二条|暂无参考均价|暂无信息|平房|暂无信息|暂无信息|暂无信息|12栋
贤孝里胡同|(西城西单)贤孝里胡同|暂无参考均价|暂无信息|未知类型|暂无信息|暂无信息|暂无信息|3栋
油坊胡同|(西城西单)油坊胡同|暂无参考均价|2008年建成|板楼|暂无信息|暂无信息|暂无信息|1栋
前海西街|(西城地安门)前海西街|暂无参考均价|1980年建成|未知类型|暂无信息|暂无信息|暂无信息|4栋
爱民街三巷|(西城西四)爱民街三巷|暂无参考均价|暂无信息|未知类型|暂无信息|暂无信息|暂无信息|15栋
琉璃厂西街|(西城宣武门)琉璃厂西街|暂无参考均价|暂无信息|未知类型|暂无信息|暂无信息|暂无信息|3栋
南半截胡同|(西城牛街)南半截胡同|暂无参考均价|1979年建成|板楼|暂无信息|暂无信息|暂无信息|15栋
梁家园西胡同|(西城宣武门)梁家园西胡同|暂无参考均价|暂无信息|未知类型|暂无信息|暂无信息|暂无信息|3栋
南樱桃二条17号院|(西城广安门)南樱桃二条17号院|暂无参考均价|暂无信息|塔楼|暂无信息|暂无信息|暂无信息|2栋
前红井胡同|(西城西单)前红井胡同|暂无参考均价|暂无信息|未知类型|暂无信息|暂无信息|暂无信息|2栋
留题胡同|(西城金融街)留题胡同|暂无参考均价|暂无信息|未知类型|暂无信息|暂无信息|暂无信息|1栋
烂缦胡同|(西城牛街)烂缦胡同|暂无参考均价|暂无信息|未知类型|暂无信息|暂无信息|暂无信息|16栋
前海白米北巷|(西城地安门)前海白米北巷|暂无参考均价|暂无信息|未知类型|暂无信息|暂无信息|暂无信息|1栋
南新华街15号院|(西城陶然亭)南新华街15号院|暂无参考均价|暂无信息|板楼|暂无信息|暂无信息|暂无信息|1栋
彭家胡同|(西城新街口)彭家胡同|暂无参考均价|暂无信息|未知类型|暂无信息|暂无信息|暂无信息|1栋
农商银行宿舍|(西城马连道)广安路农商银行宿舍|暂无参考均价|1986年建成|板楼|暂无信息|暂无信息|暂无信息|1栋
腊竹胡同|(西城六铺炕)腊竹胡同|暂无参考均价|1985年建成|未知类型|暂无信息|暂无信息|暂无信息|10栋
琉璃厂|(西城宣武门)琉璃厂|暂无参考均价|1949年建成|未知类型|暂无信息|暂无信息|暂无信息|13栋
